curve,d,kappa,n_s,alpha_s,ln_S_R
numerical,0.3,1e-09,0.9953226433741618,-0.0014289363128821009,45.72872688652595
numerical,0.3,1.333521432163324e-09,0.9948952286936823,-0.0015438838507968455,45.727319918230776
numerical,0.3,1.7782794100389228e-09,0.994432374478357,-0.0016748968865849534,45.725784941010794
numerical,0.3,2.3713737056616553e-09,0.9939296493490501,-0.0018208511542967543,45.72411110895311
numerical,0.3,3.1622776601683795e-09,0.9933827854854291,-0.0019816453957792746,45.72228633143838
numerical,0.3,4.216965034285823e-09,0.9927874542005126,-0.0021577601378304223,45.720297284525785
numerical,0.3,5.623413251903491e-09,0.9921391203160055,-0.0023501202964029133,45.718129372053326
numerical,0.3,7.498942093324558e-09,0.9914329492836678,-0.0025598651300393627,45.71576665060517
numerical,0.3,1e-08,0.9906637432905168,-0.002788377937992692,45.71319173490322
numerical,0.3,1.333521432163324e-08,0.9898258805452778,-0.0030372114671992634,45.7103856837278
numerical,0.3,1.7782794100389228e-08,0.9889132727287069,-0.003308059265958896,45.70732787148336
numerical,0.3,2.371373705661655e-08,0.9879193145537934,-0.003602818855309664,45.703995847450194
numerical,0.3,3.162277660168379e-08,0.9868368356144304,-0.003923516701122232,45.700365179121164
numerical,0.3,4.2169650342858225e-08,0.985658057103473,-0.0042723587521997786,45.69640928397114
numerical,0.3,5.6234132519034905e-08,0.9843745402867135,-0.004651727184678656,45.692099246729846
numerical,0.3,7.498942093324559e-08,0.9829771308680986,-0.0050642116135142246,45.6874036218219
numerical,0.3,1e-07,0.9814559040515887,-0.00551257888270662,45.682288219051784
numerical,0.3,1.333521432163324e-07,0.9798001052640992,-0.005999830525793115,45.676715873989096
numerical,0.3,1.7782794100389227e-07,0.9779980865654831,-0.006529173618973871,45.67064619952174
numerical,0.3,2.3713737056616554e-07,0.9760372417353089,-0.0071040642216368965,45.6640353198702
numerical,0.3,3.162277660168379e-07,0.9739039336802215,-0.007728208542736148,45.6568355842743
numerical,0.3,4.2169650342858225e-07,0.9715834239012593,-0.008405559378015681,45.648995259986826
numerical,0.3,5.62341325190349e-07,0.9690597917645354,-0.009140374141137109,45.6404582044113
numerical,0.3,7.498942093324558e-07,0.9663158610244125,-0.009937124928307561,45.63116351304401
numerical,0.3,1e-06,0.9633331185663399,-0.010800635048783036,45.62104514802901
numerical,0.3,1.333521432163324e-06,0.9600916228136627,-0.011735997712603918,45.61003153916106
numerical,0.3,1.778279410038923e-06,0.9565699285537441,-0.012748573183116285,45.598045161978895
numerical,0.3,2.3713737056616552e-06,0.9527450027225544,-0.013844037034943746,45.58500209335996
numerical,0.3,3.162277660168379e-06,0.9485921364844496,-0.015028351276413332,45.570811541548665
numerical,0.3,4.216965034285822e-06,0.944084869166073,-0.016307725990054145,45.55537535252162
numerical,0.3,5.623413251903491e-06,0.9391949136191835,-0.017688639873603584,45.53858749538037
numerical,0.3,7.498942093324558e-06,0.9338920868288172,-0.019177781779902148,45.52033352604762
numerical,0.3,1e-05,0.928144251189837,-0.02078203497379505,45.500490033258394
numerical,0.3,1.333521432163324e-05,0.9219172728572356,-0.022508382855233933,45.478924068987396
numerical,0.3,1.778279410038923e-05,0.9151749881229825,-0.02436393264888359,45.455492569752586
numerical,0.3,2.3713737056616554e-05,0.9078791946435065,-0.026355726072235797,45.430041769160006
numerical,0.3,3.1622776601683795e-05,0.8999896717466411,-0.02849072987269352,45.40240661460865
numerical,0.3,4.216965034285822e-05,0.8914642291264077,-0.030775644387581735,45.37241019147424
numerical,0.3,5.623413251903491e-05,0.8822587892733771,-0.0332168561681101,45.33986316835312
numerical,0.3,7.498942093324559e-05,0.872327515765551,-0.03582016490041706,45.30456326988953
numerical,0.3,0.0001,0.8616230039569519,-0.03859064086796149,45.26629479729063
fit,0.3,1e-09,0.9952245375393067,-0.0014275091527122287,
fit,0.3,1.0292747724096099e-09,0.9951831700450574,-0.0014398301458268606,
fit,0.3,1.0594065571188498e-09,0.9951414455085589,-0.0014522570032464224,
fit,0.3,1.0904204429677525e-09,0.9950993608715363,-0.0014647899865890407,
fit,0.3,1.1223422532664196e-09,0.9950569130481304,-0.0014774305987015103,
fit,0.3,1.155198567296478e-09,0.9950140989295896,-0.0014901797268744611,
fit,0.3,1.1890167424419898e-09,0.9949709153762756,-0.0015030373843318116,
fit,0.3,1.223824936968195e-09,0.9949273592269009,-0.001516005810960553,
fit,0.3,1.2596521334671388e-09,0.9948834272901962,-0.0015290847521992265,
fit,0.3,1.296528162989669e-09,0.9948391163492959,-0.0015422759562790482,
fit,0.3,1.334483729883841e-09,0.9947944231580088,-0.0015555797765465645,
fit,0.3,1.3735504373605121e-09,0.9947493444485561,-0.0015689978774485538,
fit,0.3,1.4137608138073614e-09,0.9947038769179949,-0.0015825304945002068,
fit,0.3,1.4551483398731967e-09,0.9946580172429256,-0.00159617888407914,
fit,0.3,1.4977474763452001e-09,0.9946117620658637,-0.0016099439712727315,
fit,0.3,1.5415936928422734e-09,0.9945651080050638,-0.0016238269574408333,
fit,0.3,1.5867234973483145e-09,0.9945180516479907,-0.001637828912789071,
fit,0.3,1.6331744666101668e-09,0.9944705895545723,-0.0016519502525901876,
fit,0.3,1.6809852774253655e-09,0.9944227182566511,-0.001666192498738079,
fit,0.3,1.7301957388458909e-09,0.994374434254533,-0.001680556267431181,
fit,0.3,1.7808468253246811e-09,0.9943257340212188,-0.0016950427474467927,
fit,0.3,1.8329807108324374e-09,0.99427661399924,-0.0017096534723729379,
fit,0.3,1.8866408039732544e-09,0.9942270706007186,-0.001724388737381146,
fit,0.3,1.9418717841282546e-09,0.9941771002091221,-0.0017392498714328755,
fit,0.3,1.9987196386572525e-09,0.9941266991769906,-0.0017542380825002445,
fit,0.3,2.057231701189553e-09,0.9940758638242352,-0.0017693542780053279,
fit,0.3,2.117456691035712e-09,0.9940245904433697,-0.0017845993963089071,
fit,0.3,2.179444753752988e-09,0.9939728752946078,-0.0017999749730219713,
fit,0.3,2.2432475028984158e-09,0.9939207146033823,-0.0018154817400035349,
fit,0.3,2.3089180630041926e-09,0.9938681045691865,-0.001831120708691545,
fit,0.3,2.376511113811078e-09,0.9938150413558846,-0.0018468933111748798,
fit,0.3,2.4460829357967956e-09,0.9937615210969873,-0.0018628004350398804,
fit,0.3,2.517691457037277e-09,0.9937075398917244,-0.001878843201809196,
fit,0.3,2.5913963014396624e-09,0.9936530938090007,-0.0018950229278127846,
fit,0.3,2.6672588383874027e-09,0.9935981788822762,-0.0019113406497517846,
fit,0.3,2.745342233838714e-09,0.9935427911148222,-0.0019277971151274963,
fit,0.3,2.825711502920833e-09,0.9934869264744849,-0.001944394430254577,
fit,0.3,2.908433564064045e-09,0.9934305808954024,-0.0019611330648810175,
fit,0.3,2.9935772947204903e-09,0.9933737502779266,-0.001978014148671159,
fit,0.3,3.0812135887140084e-09,0.9933164304892452,-0.001995039405529725,
fit,0.3,3.1714154152689956e-09,0.9932586173619095,-0.0020122093446298325,
fit,0.3,3.2642578797673237e-09,0.9932003066912708,-0.0020295257308808184,
fit,0.3,3.359818286283788e-09,0.9931414942410172,-0.0020469897718594574,
fit,0.3,3.4581762019523772e-09,0.9930821757361432,-0.0020646023491325445,
fit,0.3,3.559413523216862e-09,0.9930223468693891,-0.002082364853143573,
fit,0.3,3.6636145440207234e-09,0.9929620032949525,-0.002100278625880317,
fit,0.3,3.7708660259934516e-09,0.9929011406326248,-0.0021183448609561374,
fit,0.3,3.88125727069154e-09,0.9928397544637448,-0.00213656476530694,
fit,0.3,3.9948801939541785e-09,0.992777840335297,-0.00215493984133577,
fit,0.3,4.111829402435829e-09,0.9927153937547445,-0.0021734710466465926,
fit,0.3,4.23220227237928e-09,0.9926524101941938,-0.0021921599457662214,
fit,0.3,4.356099030694617e-09,0.9925888850867514,-0.0022110078189049795,
fit,0.3,4.4836228384119056e-09,0.9925248138299431,-0.0022300155519222875,
fit,0.3,4.614879876576943e-09,0.9924601917781816,-0.0022491854395253995,
fit,0.3,4.7499794346614025e-09,0.9923950142527692,-0.0022685177567046237,
fit,0.3,4.8890340015614424e-09,0.9923292765321762,-0.0022880144928807584,
fit,0.3,5.032159359259999e-09,0.9922629738593338,-0.002307676974992276,
fit,0.3,5.179474679231202e-09,0.9921961014338626,-0.0023275060466610327,
fit,0.3,5.331102621667033e-09,0.9921286544173663,-0.002347504076510354,
fit,0.3,5.4871694376086094e-09,0.9920606279324561,-0.002367671379893143,
fit,0.3,5.647805074067546e-09,0.9919920170600133,-0.0023880102394772465,
fit,0.3,5.813143282224713e-09,0.9919228168401967,-0.0024085210335281146,
fit,0.3,5.983321728796294e-09,0.9918530222718586,-0.002429206525563405,
fit,0.3,6.158482110660254e-09,0.9917826283130203,-0.0024500672529312387,
fit,0.3,6.3387702728384874e-09,0.9917116298807181,-0.002471105194048695,
fit,0.3,6.524336329932635e-09,0.9916400218486675,-0.0024923208645530673,
fit,0.3,6.715334791115135e-09,0.9915677990486232,-0.0025137169502463218,
fit,0.3,6.911924688779365e-09,0.9914949562701046,-0.0025352941130682774,
fit,0.3,7.114269710955745e-09,0.9914214882597966,-0.0025570540746047456,
fit,0.3,7.322538337604526e-09,0.9913473897196278,-0.002578998735902647,
fit,0.3,7.536903980898543e-09,0.9912726553085148,-0.002601128585707227,
fit,0.3,7.757545129612429e-09,0.9911972796422447,-0.00262344627414517,
fit,0.3,7.984645497739078e-09,0.991121257291448,-0.002645952957131572,
fit,0.3,8.218394177456807e-09,0.9910445827831929,-0.00266864988231039,
fit,0.3,8.458985796574318e-09,0.9909672505970745,-0.002691538878786471,
fit,0.3,8.706620680585118e-09,0.9908892551683115,-0.0027146216442137557,
fit,0.3,8.96150501946605e-09,0.9908105908886258,-0.0027378995832472303,
fit,0.3,9.223851039358457e-09,0.9907312520992179,-0.002761374547047085,
fit,0.3,9.49387717927582e-09,0.9906512330992511,-0.00278504757221696,
fit,0.3,9.771808272983909e-09,0.990570528138322,-0.0028089209841062543,
fit,0.3,1.0057875736205836e-08,0.9904891314195288,-0.0028329960139277174,
fit,0.3,1.0352317759307377e-08,0.9904070370979792,-0.002857274373497559,
fit,0.3,1.0655379505623063e-08,0.9903242392831556,-0.0028817577623939244,
fit,0.3,1.0967313315588178e-08,0.9902407320328557,-0.002906448112948129,
fit,0.3,1.1288378916846883e-08,0.9901565093582404,-0.0029313466660932583,
fit,0.3,1.1618843640511014e-08,0.9900715652220606,-0.0029564553041261377,
fit,0.3,1.1958982643749794e-08,0.9899858935338607,-0.0029817758439146247,
fit,0.3,1.2309079138896018e-08,0.9898994881595415,-0.003007309981139239,
fit,0.3,1.2669424629259076e-08,0.9898123429091479,-0.003033059463783766,
fit,0.3,1.3040319151841315e-08,0.9897244515453476,-0.0030590261018581325,
fit,0.3,1.3422071527160119e-08,0.989635807778748,-0.003085211316842258,
fit,0.3,1.3814999616383237e-08,0.9895464052698202,-0.0031116174157791443,
fit,0.3,1.4219430585991676e-08,0.9894562376248134,-0.0031382458495581647,
fit,0.3,1.4635701180190798e-08,0.9893652984007216,-0.003165098387627796,
fit,0.3,1.5064158001295943e-08,0.9892735810996994,-0.0031921772755990896,
fit,0.3,1.5505157798326253e-08,0.9891810791737626,-0.0032194838916786497,
fit,0.3,1.595906776404731e-08,0.9890877860186474,-0.00324702014362397,
fit,0.3,1.6426265840709303e-08,0.9889936949772803,-0.0032747884116545237,
fit,0.3,1.690714103473578e-08,0.9888987993390425,-0.003302790011656176,
fit,0.3,1.740209374062485e-08,0.9888030923404821,-0.0033310269098587517,
fit,0.3,1.7911536074332302e-08,0.9887065671589307,-0.0033595014083216135,
fit,0.3,1.843589221641486e-08,0.9886092169205017,-0.003388214755626291,
fit,0.3,1.8975598765218503e-08,0.9885110346933947,-0.003417169515944049,
fit,0.3,1.953110510040631e-08,0.9884120134905855,-0.003446367440861381,
fit,0.3,2.0102873757128834e-08,0.9883121462661251,-0.003475810406359227,
fit,0.3,2.0691380811147902e-08,0.9882114259215596,-0.0035055004508067963,
fit,0.3,2.1297116275234783e-08,0.9881098452968287,-0.003535439553608598,
fit,0.3,2.1920584507173234e-08,0.9880073971762995,-0.003565630051266075,
fit,0.3,2.256230462970635e-08,0.9879040742851366,-0.0035960734796861293,
fit,0.3,2.3222810962777245e-08,0.9877998692891786,-0.003626772030794742,
fit,0.3,2.3902653468423895e-08,0.9876947747976071,-0.00365772755308838,
fit,0.3,2.4602398208697776e-08,0.9875887833560251,-0.003688942798933323,
fit,0.3,2.5322627816987946e-08,0.987481887454163,-0.0037204195313143146,
fit,0.3,2.606394198314347e-08,0.9873740795177509,-0.0037521592059065537,
fit,0.3,2.682695795279727e-08,0.9872653519148565,-0.003784164938341411,
fit,0.3,2.761231104130753e-08,0.9871556969491548,-0.0038164383480636596,
fit,0.3,2.8420655162745108e-08,0.987045106865143,-0.00384898152253986,
fit,0.3,2.9252663374366476e-08,0.9869335738423226,-0.0038817967192234307,
fit,0.3,3.0109028437025925e-08,0.9868210900002582,-0.003914886499373882,
fit,0.3,3.099046339199427e-08,0.9867076473926009,-0.003948252509131223,
fit,0.3,3.189770215466325e-08,0.9865932380114097,-0.003981897260609928,
fit,0.3,3.283150012563047e-08,0.9864778537836877,-0.004015822932807611,
fit,0.3,3.379263481967431e-08,0.9863614865725822,-0.0040500316359367294,
fit,0.3,3.478190651314134e-08,0.9862441281745248,-0.004084525584325947,
fit,0.3,3.58001389102858e-08,0.986125770323023,-0.004119307405847462,
fit,0.3,3.6848179829116765e-08,0.9860064046823075,-0.0041543793727583725,
fit,0.3,3.792690190732254e-08,0.9858860228533874,-0.004189743324377201,
fit,0.3,3.903720332886092e-08,0.9857646163673245,-0.004225402079486976,
fit,0.3,4.0180008571820914e-08,0.9856421766912629,-0.004261357807955848,
fit,0.3,4.135626917817706e-08,0.9855186952209266,-0.004297612766842394,
fit,0.3,4.256696454607867e-08,0.9853941632856206,-0.004334169388424257,
fit,0.3,4.381310274533306e-08,0.9852685721450637,-0.004371030206871053,
fit,0.3,4.5095721356761446e-08,0.9851419129895591,-0.00440819764098932,
fit,0.3,4.641588833612773e-08,0.9850141769403337,-0.0044456738934114046,
fit,0.3,4.7774702903357733e-08,0.9848853550471631,-0.004483461617176582,
fit,0.3,4.917329645779016e-08,0.9847554382887541,-0.004521562948451782,
fit,0.3,5.061283352022214e-08,0.9846244175735466,-0.004559980813538304,
fit,0.3,5.209451270253212e-08,0.9844922837383235,-0.004598717778186753,
fit,0.3,5.3619567705688166e-08,0.9843590275454522,-0.004637775707028502,
fit,0.3,5.5189268346973744e-08,0.9842246396851975,-0.004677157839250545,
fit,0.3,5.680492161728429e-08,0.9840891107769014,-0.004716866048514394,
fit,0.3,5.846787276937589e-08,0.9839524313622366,-0.0047569037556392385,
fit,0.3,6.017950643797328e-08,0.9838145919113922,-0.004797272877363458,
fit,0.3,6.19412477926676e-08,0.9836755828163811,-0.004837976102154216,
fit,0.3,6.375456372456507e-08,0.983535394396732,-0.004879016186324678,
fit,0.3,6.562096406767554e-08,0.983394016894375,-0.004920395940121197,
fit,0.3,6.754200285605593e-08,0.9832514404752137,-0.004962117495171635,
fit,0.3,6.951927961775605e-08,0.9831076552283493,-0.0050041842507811685,
fit,0.3,7.155444070664575e-08,0.982962651163998,-0.00504659846356529,
fit,0.3,7.364918067322973e-08,0.9828164182154892,-0.005089362919097548,
fit,0.3,7.580524367559261e-08,0.9826689462367938,-0.005132480266666392,
fit,0.3,7.802442493165044e-08,0.9825202250027459,-0.005175953598514027,
fit,0.3,8.030857221391521e-08,0.9823702442087395,-0.005219785180384344,
fit,0.3,8.265958738801813e-08,0.9822189934692229,-0.0052639781911663075,
fit,0.3,8.507942799627444e-08,0.9820664623187838,-0.00530853507137638,
fit,0.3,8.757010888760517e-08,0.9819126402102812,-0.005353459540113681,
fit,0.3,9.013370389517438e-08,0.9817575165113951,-0.005398753495268145,
fit,0.3,9.27723475631406e-08,0.9816010805134484,-0.005444419977222788,
fit,0.3,9.548823692395676e-08,0.9814433214201929,-0.0054904623281913645,
fit,0.3,9.82836333277003e-08,0.9812842283516204,-0.005536882740791518,
fit,0.3,1.0116086432495807e-07,0.9811237903467376,-0.005583684458404084,
fit,0.3,1.0412232560483065e-07,0.9809619963563945,-0.005630871108102953,
fit,0.3,1.0717048298967093e-07,0.9807988352486499,-0.005678445000237217,
fit,0.3,1.1030787448822151e-07,0.9806342958020607,-0.0057264088898379,
fit,0.3,1.1353711240885178e-07,0.9804683667139097,-0.005774766114334459,
fit,0.3,1.1686088553466497e-07,0.9803010365901113,-0.005823519677792224,
fit,0.3,1.2028196136227775e-07,0.9801322939502413,-0.0058726728488070895,
fit,0.3,1.2380318840613968e-07,0.9799621272267824,-0.005922228645902888,
fit,0.3,1.274274985703132e-07,0.9797905247615137,-0.005972189407504769,
fit,0.3,1.3115790958968502e-07,0.9796174748075769,-0.006022559387839216,
fit,0.3,1.3499752754264296e-07,0.9794429655303155,-0.006073340899576105,
fit,0.3,1.389495494373136e-07,0.9792669850006765,-0.006124537318334233,
fit,0.3,1.4301726587350879e-07,0.9790895212002203,-0.0061761519155724,
fit,0.3,1.4720406378260015e-07,0.9789105620193504,-0.006228187706014632,
fit,0.3,1.5151342924760513e-07,0.9787300952555169,-0.006280648160266911,
fit,0.3,1.5594895040582833e-07,0.9785481086144209,-0.006333536202311224,
fit,0.3,1.6051432043647616e-07,0.9783645897055514,-0.00638685526648744,
fit,0.3,1.6521334063573685e-07,0.9781795260473771,-0.0064406086395487755,
fit,0.3,1.700499235818794e-07,0.9779929050607189,-0.00649479957257372,
fit,0.3,1.750280963930101e-07,0.9778047140739604,-0.00654943130361374,
fit,0.3,1.8015200408020237e-07,0.9776149403162803,-0.00660450718579042,
fit,0.3,1.8542591299878542e-07,0.9774235709243101,-0.006660030701600178,
fit,0.3,1.908542144006686e-07,0.9772305929343919,-0.006716005135132749,
fit,0.3,1.9644142809066267e-07,0.9770359932856634,-0.006772433901039279,
fit,0.3,2.0219220618983556e-07,0.9768397588187904,-0.006829320662809599,
fit,0.3,2.081113370090395e-07,0.9766418762780548,-0.00688666820221813,
fit,0.3,2.142037490358383e-07,0.9764423323040763,-0.00694448067825941,
fit,0.3,2.2047451503814767e-07,0.9762411134406129,-0.007002761177303224,
fit,0.3,2.269288562880081e-07,0.9760382061274067,-0.007061513455851931,
fit,0.3,2.3357214690901212e-07,0.9758335967054664,-0.0071207407123336786,
fit,0.3,2.404099183509974e-07,0.975627271413264,-0.007180446867267182,
fit,0.3,2.4744786399573476e-07,0.9754192163853025,-0.007240635281520066,
fit,0.3,2.54691843897454e-07,0.9752094176529201,-0.007301309421404875,
fit,0.3,2.6214788966213584e-07,0.9749978611450066,-0.007362473086845872,
fit,0.3,2.6982220946965334e-07,0.9747845326835982,-0.007424130095628409,
fit,0.3,2.777211932429355e-07,0.9745694179893185,-0.007486283986008438,
fit,0.3,2.8585141796844717e-07,0.9743525026711222,-0.007548937914029677,
fit,0.3,2.942196531724371e-07,0.9741337722370416,-0.007612096458942799,
fit,0.3,3.0283286655749457e-07,0.9739132120840098,-0.007675762570534789,
fit,0.3,3.1169822980411437e-07,0.9736908075035776,-0.007739940472144949,
fit,0.3,3.208231245421074e-07,0.9734665436789246,-0.007804633875075642,
fit,0.3,3.3021514849681757e-07,0.9732404056809617,-0.007869846457867022,
fit,0.3,3.3988212181526674e-07,0.9730123784757888,-0.007935581966310903,
fit,0.3,3.498320935775032e-07,0.9727824469158947,-0.00800184437791758,
fit,0.3,3.60073348498562e-07,0.9725505957429986,-0.008068637427329745,
fit,0.3,3.706144138266228e-07,0.9723168095885825,-0.008135965077500834,
fit,0.3,3.814640664431174e-07,0.9720810729704409,-0.0082038313662873,
fit,0.3,3.9263134017068395e-07,0.9718433702954797,-0.008272239946618187,
fit,0.3,4.0412553329506e-07,0.9716036858537812,-0.008341194850874534,
fit,0.3,4.159562163071843e-07,0.9713620038243992,-0.008410700081581568,
fit,0.3,4.281332398719396e-07,0.9711183082704332,-0.00848075991837774,
fit,0.3,4.4066674303017865e-07,0.9708725831390218,-0.008551377646635341,
fit,0.3,4.5356716164087024e-07,0.9706248122612958,-0.008622558017073095,
fit,0.3,4.6684523707037945e-07,0.970374979351965,-0.008694304842195882,
fit,0.3,4.805120251361242e-07,0.9701230680089514,-0.008766622095714355,
fit,0.3,4.94578905312064e-07,0.9698690617107447,-0.008839514205889923,
fit,0.3,5.090575902036687e-07,0.9696129438179693,-0.008912984466875676,
fit,0.3,5.239601353002645e-07,0.9693546975709157,-0.008987038335690548,
fit,0.3,5.39298949012887e-07,0.9690943060906786,-0.009061678858933622,
fit,0.3,5.550868030059811e-07,0.9688317523784183,-0.0091369106727002,
fit,0.3,5.713368428315579e-07,0.968567019312955,-0.009212737838332805,
fit,0.3,5.880625988746756e-07,0.9683000896496251,-0.009289164715358053,
fit,0.3,6.052779976193355e-07,0.9680309460244813,-0.009366195658956966,
fit,0.3,6.229973732441834e-07,0.967759570947187,-0.009443834996138198,
fit,0.3,6.412354795576917e-07,0.9674859468060909,-0.009522086651565106,
fit,0.3,6.600075022827102e-07,0.9672100558644727,-0.009600955358044658,
fit,0.3,6.793290717006688e-07,0.9669318802565599,-0.009680445509641297,
fit,0.3,6.992162756659375e-07,0.9666514019954929,-0.009760560941411048,
fit,0.3,7.196856730011514e-07,0.9663686029676354,-0.009841306438613528,
fit,0.3,7.407543072847155e-07,0.96608346492777,-0.009922686489410165,
fit,0.3,7.624397210419138e-07,0.9657959695073872,-0.010004705376203737,
fit,0.3,7.847599703514607e-07,0.9655060982071338,-0.010087367512944354,
fit,0.3,8.077336398796703e-07,0.9652138324008247,-0.010170677467780137,
fit,0.3,8.313798583547334e-07,0.9649191533282799,-0.010254639755322884,
fit,0.3,8.557183144940002e-07,0.9646220421039647,-0.010339259074577431,
fit,0.3,8.807692733975452e-07,0.9643224797073356,-0.010424539364025431,
fit,0.3,9.065535934216359e-07,0.9640204469882295,-0.010510486121588183,
fit,0.3,9.330927435461664e-07,0.9637159246629977,-0.01059710355950122,
fit,0.3,9.60408821250537e-07,0.9634088933156661,-0.010684395983261125,
fit,0.3,9.88524570912828e-07,0.9630993333969039,-0.010772368007346073,
fit,0.3,1.0174634027476063e-06,0.9627872252223204,-0.010861024823802176,
fit,0.3,1.0472494122981475e-06,0.9624725489731883,-0.010950370964066009,
fit,0.3,1.0779074004992737e-06,0.962155284695949,-0.011040410760030511,
fit,0.3,1.1094628943275218e-06,0.9618354122980316,-0.011131149305004473,
fit,0.3,1.1419421680558647e-06,0.9615129115532882,-0.011222591113450892,
fit,0.3,1.1753722651306367e-06,0.9611877620968888,-0.011314741261851696,
fit,0.3,1.2097810206889012e-06,0.9608599434251,-0.011407604273700078,
fit,0.3,1.2451970847350319e-06,0.9605294348965856,-0.011501185181216622,
fit,0.3,1.2816499459957596e-06,0.9601962157304739,-0.011595488604015908,
fit,0.3,1.3191699564735718e-06,0.9598602650066178,-0.011690519571160185,
fit,0.3,1.3577883567189277e-06,0.9595215616623278,-0.011786282921941449,
fit,0.3,1.3975373018422926e-06,0.9591800844941769,-0.011882783523672585,
fit,0.3,1.438449888287663e-06,0.9588358121603034,-0.01198002646137497,
fit,0.3,1.4805601813899102e-06,0.9584887231716227,-0.012078016184180057,
fit,0.3,1.5239032437388304e-06,0.9581387958981363,-0.012176758352695521,
fit,0.3,1.5685151643735445e-06,0.9577860085684596,-0.012276257443291971,
fit,0.3,1.614433088831602e-06,0.9574303392628835,-0.012376518562944944,
fit,0.3,1.6616952500776905e-06,0.9570717659189375,-0.012477546970214276,
fit,0.3,1.7103410003378378e-06,0.9567102663295648,-0.012579347560986054,
fit,0.3,1.7604108438655526e-06,0.9563458181396269,-0.012681925407598327,
fit,0.3,1.8119464706671223e-06,0.9559783988495468,-0.012785285707571786,
fit,0.3,1.8649907912142943e-06,0.9556079858102656,-0.01288943300186643,
fit,0.3,1.919587972173111e-06,0.9552345562264785,-0.012994373214337884,
fit,0.3,1.9757834731786993e-06,0.9548580871548964,-0.013100111032394307,
fit,0.3,2.03362408468667e-06,0.954478555501319,-0.013206652003649177,
fit,0.3,2.093157966932574e-06,0.9540959380238622,-0.013314001198121567,
fit,0.3,2.1544346900318822e-06,0.9537102113295554,-0.013422163418092381,
fit,0.3,2.2175052752539296e-06,0.9533213518741892,-0.013531144428875486,
fit,0.3,2.2824222375040977e-06,0.9529293359652268,-0.013640948756086207,
fit,0.3,2.349239629049658e-06,0.9525341397539554,-0.013751582463762735,
fit,0.3,2.418013084525718e-06,0.9521357392433115,-0.013863050704425617,
fit,0.3,2.488799867258667e-06,0.951734110281493,-0.013975358406181027,
fit,0.3,2.5616589169457267e-06,0.951329228562981,-0.014088511191594294,
fit,0.3,2.6366508987303555e-06,0.9509210696283867,-0.014202514263663063,
fit,0.3,2.71383825371428e-06,0.9505096088650014,-0.01431737304614783,
fit,0.3,2.793285250948253e-06,0.9500948215034946,-0.01443309284438593,
fit,0.3,2.875058040944877e-06,0.9496766826195904,-0.014549679354214223,
fit,0.3,2.9592247107579573e-06,0.9492551671341397,-0.014667137734471036,
fit,0.3,3.045855340674284e-06,0.9488302498080428,-0.01478547327568866,
fit,0.3,3.1350220625651123e-06,0.9484019052490499,-0.014904691661668162,
fit,0.3,3.226799119945812e-06,0.9479701079046038,-0.015024798295491498,
fit,0.3,3.321262929793748e-06,0.9475348320660325,-0.015145799010764932,
fit,0.3,3.418492146175927e-06,0.9470960518635362,-0.015267698722029072,
fit,0.3,3.5185677257392664e-06,0.9466537412697775,-0.015390503322838645,
fit,0.3,3.621572995118075e-06,0.9462078740975945,-0.015514218341857594,
fit,0.3,3.727593720314938e-06,0.945758424000665,-0.015638849079685935,
fit,0.3,3.836718178112649e-06,0.9453053644705033,-0.01576440123872544,
fit,0.3,3.949037229576694e-06,0.9448486688373908,-0.015890880495275178,
fit,0.3,4.0646443957096275e-06,0.9443883102729927,-0.01601829231449281,
fit,0.3,4.183635935320023e-06,0.9439242617844344,-0.0161466428433161,
fit,0.3,4.306110925171165e-06,0.9434564962157612,-0.016275936887626186,
fit,0.3,4.432171342476085e-06,0.9429849862515995,-0.01640618038894645,
fit,0.3,4.561922149807459e-06,0.9425097044103709,-0.01653737925331089,
fit,0.3,4.695471382493421e-06,0.9420306230476566,-0.016669539348129175,
fit,0.3,4.832930238571752e-06,0.941547714354885,-0.016802665375960257,
fit,0.3,4.974413171377452e-06,0.9410609503609108,-0.01693676416580983,
fit,0.3,5.120037984840882e-06,0.9405703029263673,-0.01707184068866685,
fit,0.3,5.269925931575657e-06,0.9400757437488337,-0.017207901317108643,
fit,0.3,5.424201813838024e-06,0.9395772443583322,-0.0173449514358201,
fit,0.3,5.582994087441914e-06,0.9390747761227427,-0.017482996614563567,
fit,0.3,5.746434968715974e-06,0.9385683102393493,-0.017622042795257392,
fit,0.3,5.914660544591746e-06,0.9380578177395614,-0.01776209594507444,
fit,0.3,6.087810885914756e-06,0.9375432694894069,-0.017903161570824278,
fit,0.3,6.266030164072656e-06,0.9370246361856074,-0.01804524584208478,
fit,0.3,6.449466771037621e-06,0.9365018883579322,-0.018188354278198954,
fit,0.3,6.638273442923075e-06,0.9359749963680436,-0.01833249291621125,
fit,0.3,6.832607387157405e-06,0.9354439304074985,-0.018477667321845526,
fit,0.3,7.032630413380643e-06,0.9349086605012168,-0.018623883564218346,
fit,0.3,7.2385090681732476e-06,0.9343691565038602,-0.01877114777092262,
fit,0.3,7.450414773728917e-06,0.9338253881010156,-0.01891946489819496,
fit,0.3,7.66852397058701e-06,0.933277324808755,-0.01906884201622777,
fit,0.3,7.893018264543566e-06,0.9327249359715456,-0.01921928434070158,
fit,0.3,8.124084577862973e-06,0.93216819076529,-0.019370797696192932,
fit,0.3,8.361915304916318e-06,0.9316070581946159,-0.01952338812137755,
fit,0.3,8.606708472376158e-06,0.931041507094589,-0.019677061828568904,
fit,0.3,8.858667904100832e-06,0.9304715061266272,-0.019831824710189322,
fit,0.3,9.11800339084568e-06,0.9298970237835501,-0.019987682313310134,
fit,0.3,9.384930864942721e-06,0.929318028384273,-0.02014464097167676,
fit,0.3,9.659672580093843e-06,0.9287344880782369,-0.020302706475523236,
fit,0.3,9.942457296427399e-06,0.9281463708414183,-0.020461884516049217,
fit,0.3,1.0233520470972576e-05,0.9275536444777387,-0.020622181651417437,
fit,0.3,1.053310445370936e-05,0.926956276619201,-0.020783603296258474,
fit,0.3,1.084145868935835e-05,0.9263542347254111,-0.020946155954852275,
fit,0.3,1.1158839925077481e-05,0.9257474860832673,-0.021109844973439457,
fit,0.3,1.1485512424239369e-05,0.9251359978058081,-0.021274677117669172,
fit,0.3,1.1821748186466723e-05,0.9245197368347767,-0.021440657776317817,
fit,0.3,1.216782717410923e-05,0.9238986699361753,-0.02160779295658144,
fit,0.3,1.2524037545350718e-05,0.9232727637046899,-0.02177608923946689,
fit,0.3,1.2890675894140244e-05,0.9226419845636235,-0.021945552437361793,
fit,0.3,1.3268047497147244e-05,0.9220062987568832,-0.022116187702045598,
fit,0.3,1.3656466567946097e-05,0.9213656723594346,-0.022288002344607094,
fit,0.3,1.4056256518642135e-05,0.9207200712720193,-0.022461001550580173,
fit,0.3,1.446775022915648e-05,0.9200694612190418,-0.0226351918291271,
fit,0.3,1.4891290324394086e-05,0.9194138077542604,-0.02281057859364527,
fit,0.3,1.5327229459526118e-05,0.9187530762550477,-0.022987168614229725,
fit,0.3,1.5775930613623614e-05,0.9180872319257082,-0.023164967450030938,
fit,0.3,1.623776739188721e-05,0.9174162397961277,-0.02334398108471214,
fit,0.3,1.671312433672486e-05,0.9167400647231899,-0.023524215772673163,
fit,0.3,1.720239724793599e-05,0.9160586713871238,-0.023705677735611774,
fit,0.3,1.770599351226898e-05,0.915372024297994,-0.023888372579162154,
fit,0.3,1.8224332442626647e-05,0.9146800877874197,-0.02407230637466451,
fit,0.3,1.875784562720161e-05,0.913982826015603,-0.024257485195682882,
fit,0.3,1.9306977288832496e-05,0.9132802029677084,-0.02444391542614527,
fit,0.3,1.9872184654880534e-05,0.9125721824555472,-0.024631602818490583,
fit,0.3,2.0453938337933903e-05,0.9118587281162954,-0.024820553694916703,
fit,0.3,2.105272272765707e-05,0.9111398034121908,-0.02501077342026997,
fit,0.3,2.166903639411181e-05,0.910415371632714,-0.025202268711303044,
fit,0.3,2.230339250288494e-05,0.909685395893845,-0.02539504516773189,
fit,0.3,2.2956319242369097e-05,0.9089498391371164,-0.025589109118467013,
fit,0.3,2.3628360263551753e-05,0.9082086641291545,-0.025784466479274792,
fit,0.3,2.432007513267945e-05,0.9074618334646954,-0.02598112297515187,
fit,0.3,2.5032039797173254e-05,0.9067093095644395,-0.026179084972021593,
fit,0.3,2.5764847065183745e-05,0.9059510546750573,-0.026378358053661177,
fit,0.3,2.651910709918535e-05,0.9051870308708464,-0.02657894899731955,
fit,0.3,2.729544792402007e-05,0.9044172000523556,-0.026780863102212282,
fit,0.3,2.809451594981406e-05,0.9036415239461192,-0.026984106575276445,
fit,0.3,2.8916976510202966e-05,0.9028599641071727,-0.027188685542819113,
fit,0.3,2.9763514416313192e-05,0.9020724819177778,-0.027394605969061903,
fit,0.3,3.063483452696084e-05,0.9012790385869313,-0.027601873623162743,
fit,0.3,3.1531662335543616e-05,0.9004795951518668,-0.02781049470021907,
fit,0.3,3.245474457411325e-05,0.8996741124776388,-0.02802047463316598,
fit,0.3,3.340484983513244e-05,0.898862551255716,-0.028231820257870133,
fit,0.3,3.438276921143307e-05,0.898044872006729,-0.028444537054147456,
fit,0.3,3.5389316954909844e-05,0.8972210350805115,-0.02865863086699838,
fit,0.3,3.642533115449638e-05,0.8963910006564001,-0.028874107734113807,
fit,0.3,3.749167443398886e-05,0.8955547287367077,-0.029090973830355693,
fit,0.3,3.8589234670298994e-05,0.8947121791600464,-0.02930923464180185,
fit,0.3,3.971892573273302e-05,0.8938633115908928,-0.0295288963207207,
fit,0.3,4.0881688243912894e-05,0.8930080855229274,-0.029749964699188447,
fit,0.3,4.207849036297398e-05,0.8921464602797308,-0.029972445852592233,
fit,0.3,4.331032859169001e-05,0.891278395015286,-0.03019634541859051,
fit,0.3,4.457822860419707e-05,0.8904038487145455,-0.030421669161218023,
fit,0.3,4.58832461010084e-05,0.8895227801915834,-0.030648423719012885,
fit,0.3,4.7226467688029544e-05,0.8886351480915765,-0.030876614208481534,
fit,0.3,4.8609011781306306e-05,0.8877409108920725,-0.03110624679554963,
fit,0.3,5.003202953825999e-05,0.8868400268999516,-0.0313373269647213,
fit,0.3,5.149670581618343e-05,0.8859324542553898,-0.03156986104920728,
fit,0.3,5.300426015879673e-05,0.8850181509284507,-0.031803854461604664,
fit,0.3,5.4555947811685143e-05,0.8840970747242748,-0.03203931314161773,
fit,0.3,5.6153060767462665e-05,0.8831691832764538,-0.03227624301891552,
fit,0.3,5.7796928841533134e-05,0.8822344340556567,-0.032514649511436455,
fit,0.3,5.948892077934331e-05,0.8812927843635956,-0.03275453915918608,
fit,0.3,6.123044539605177e-05,0.8803441913347209,-0.03299591666063212,
fit,0.3,6.302295274956024e-05,0.879388611937158,-0.0332387888830154,
fit,0.3,6.486793534788508e-05,0.878426002975984,-0.03348316091253861,
fit,0.3,6.676692939187557e-05,0.8774563210851621,-0.033729038445587334,
fit,0.3,6.872151605431122e-05,0.876479522737435,-0.03397642768801046,
fit,0.3,7.073332279644439e-05,0.8754955642391451,-0.03422533387009896,
fit,0.3,7.280402472308562e-05,0.8745044017328472,-0.034475762975848645,
fit,0.3,7.493534597735756e-05,0.8735059911939382,-0.03472772048107775,
fit,0.3,7.712906117627993e-05,0.8725002884365528,-0.034981212500994674,
fit,0.3,7.938699688838223e-05,0.8714872491077607,-0.03523624424190425,
fit,0.3,8.171103315457187e-05,0.8704668286945374,-0.03549282142150878,
fit,0.3,8.410310505352605e-05,0.8694389825163231,-0.03575094987187594,
fit,0.3,8.656520431290936e-05,0.8684036657338196,-0.036010635359236265,
fit,0.3,8.909938096776098e-05,0.8673608333422432,-0.03627188327562081,
fit,0.3,9.170774506742931e-05,0.8663104401734566,-0.03653469951291305,
fit,0.3,9.439246843247663e-05,0.865252440900513,-0.036799089247116445,
fit,0.3,9.715578646301848e-05,0.8641867900305306,-0.03706505863338655,
fit,0.3,0.0001,0.863113441911997,-0.03733261278663935,
numerical,0.35,1e-09,0.9983424230512963,-0.0006164781073660919,46.260308905455254
numerical,0.35,1.333521432163324e-09,0.998158378771032,-0.0006647246625695047,46.259805662960154
numerical,0.35,1.7782794100389228e-09,0.9979585810707006,-0.0007254857156411276,46.259247267649165
numerical,0.35,2.3713737056616553e-09,0.9977397395205685,-0.0007968567395000292,46.25862869875224
numerical,0.35,3.1622776601683795e-09,0.9974989287526861,-0.00087809849905085,46.25794404865505
numerical,0.35,4.216965034285823e-09,0.9972333138295304,-0.0009692588778227318,46.25718658667473
numerical,0.35,5.623413251903491e-09,0.9969399886596517,-0.001070752707767575,46.25634875797488
numerical,0.35,7.498942093324558e-09,0.9966158718593676,-0.0011833699642176398,46.25542214910008
numerical,0.35,1e-08,0.9962576268776218,-0.001308079485173863,46.25439742388899
numerical,0.35,1.333521432163324e-08,0.9958616076046858,-0.001446059867844518,46.25326424299169
numerical,0.35,1.7782794100389228e-08,0.9954238103328983,-0.0015986169592761001,46.25201116680205
numerical,0.35,2.371373705661655e-08,0.9949398269148193,-0.001767256379627824,46.2506255467664
numerical,0.35,3.162277660168379e-08,0.9944047959862745,-0.001953620845124071,46.24909340109576
numerical,0.35,4.2169650342858225e-08,0.993813356072689,-0.002159548098232378,46.2473992782726
numerical,0.35,5.6234132519034905e-08,0.9931595892484886,-0.002387065782088804,46.24552610484551
numerical,0.35,7.498942093324559e-08,0.9924369672540765,-0.0026383929470039647,46.2434550174465
numerical,0.35,1e-07,0.9916382874101046,-0.0029159969628294036,46.24116517856402
numerical,0.35,1.333521432163324e-07,0.990755608808366,-0.0032225485625403394,46.238633572457026
numerical,0.35,1.7782794100389227e-07,0.9897801740336551,-0.0035610531456757855,46.235834782982955
numerical,0.35,2.3713737056616554e-07,0.988702326526647,-0.003934752138034625,46.23274074532516
numerical,0.35,3.162277660168379e-07,0.9875114297031686,-0.00434722364191753,46.22932047676367
numerical,0.35,4.2169650342858225e-07,0.9861957694967978,-0.004802382340991507,46.225539780254
numerical,0.35,5.62341325190349e-07,0.9847424473898658,-0.005304546160311396,46.22136091966508
numerical,0.35,7.498942093324558e-07,0.9831372694341565,-0.00585840322235498,46.216742262310724
numerical,0.35,1e-06,0.981364627434683,-0.006469099609911488,46.21163788996236
numerical,0.35,1.333521432163324e-06,0.9794073681892019,-0.007142231322734283,46.20599717259342
numerical,0.35,1.778279410038923e-06,0.9772466519448839,-0.007883925547231385,46.19976430422986
numerical,0.35,2.3713737056616552e-06,0.9748618041203598,-0.00870081009095447,46.192877795580856
numerical,0.35,3.162277660168379e-06,0.9722301581366368,-0.009600108067044033,46.18526992431095
numerical,0.35,4.216965034285822e-06,0.9693268822165737,-0.010589639443627341,46.1768661366578
numerical,0.35,5.623413251903491e-06,0.9661248104317308,-0.011677813889594546,46.16758439966328
numerical,0.35,7.498942093324558e-06,0.9625942556811964,-0.012873742608029204,46.15733450371134
numerical,0.35,1e-05,0.958702819801966,-0.014187155318457378,46.14601730832068
numerical,0.35,1.333521432163324e-05,0.9544151990857128,-0.01562851052898928,46.133523935341934
numerical,0.35,1.778279410038923e-05,0.9496929924371997,-0.017208870685609945,46.119734903429034
numerical,0.35,2.3713737056616554e-05,0.9444945130749778,-0.018940005332803267,46.10451921087224
numerical,0.35,3.1622776601683795e-05,0.9387745992659129,-0.02083428162054002,46.08773336134256
numerical,0.35,4.216965034285822e-05,0.9324844419663867,-0.02290466139270908,46.06922033938977
numerical,0.35,5.623413251903491e-05,0.925571438425072,-0.025164530016529518,46.048808537845325
numerical,0.35,7.498942093324559e-05,0.917979070662688,-0.027627689350969042,46.026310648977756
numerical,0.35,0.0001,0.9096468161489599,-0.03030812919020498,46.00152252270339
fit,0.35,1e-09,0.9982930057609964,-0.0005966139830565868,
fit,0.35,1.0292747724096099e-09,0.998275703813159,-0.0006026527690710303,
fit,0.35,1.0594065571188498e-09,0.9982582267448228,-0.0006087524126267268,
fit,0.35,1.0904204429677525e-09,0.9982405727869613,-0.0006149137044984872,
fit,0.35,1.1223422532664196e-09,0.9982227401553277,-0.000621136894757934,
fit,0.35,1.155198567296478e-09,0.9982047270465143,-0.000627423271263733,
fit,0.35,1.1890167424419898e-09,0.9981865316403326,-0.0006337728816814235,
fit,0.35,1.223824936968195e-09,0.9981681520952496,-0.0006401864426723268,
fit,0.35,1.2596521334671388e-09,0.9981495865552924,-0.0006466649817602754,
fit,0.35,1.296528162989669e-09,0.9981308331430471,-0.000653208702288661,
fit,0.35,1.334483729883841e-09,0.9981118899638455,-0.0006598185201668856,
fit,0.35,1.3735504373605121e-09,0.9980927551029245,-0.0006664950254907575,
fit,0.35,1.4137608138073614e-09,0.9980734266268781,-0.0006732388520250092,
fit,0.35,1.4551483398731967e-09,0.9980539025827397,-0.0006800506685186091,
fit,0.35,1.4977474763452001e-09,0.998034180998204,-0.000686931027221109,
fit,0.35,1.5415936928422734e-09,0.9980142598811117,-0.0006938808469038223,
fit,0.35,1.5867234973483145e-09,0.9979941372192238,-0.0007009010428839493,
fit,0.35,1.6331744666101668e-09,0.997973810979941,-0.0007079916980580556,
fit,0.35,1.6809852774253655e-09,0.9979532791104416,-0.0007151539745089792,
fit,0.35,1.7301957388458909e-09,0.9979325395383404,-0.0007223882896805634,
fit,0.35,1.7808468253246811e-09,0.9979115901692047,-0.0007296957837472457,
fit,0.35,1.8329807108324374e-09,0.9978904288875237,-0.0007370770288438171,
fit,0.35,1.8866408039732544e-09,0.99786905355834,-0.0007445323603071201,
fit,0.35,1.9418717841282546e-09,0.9978474620226961,-0.0007520631094672147,
fit,0.35,1.9987196386572525e-09,0.9978256521021865,-0.0007596694109817627,
fit,0.35,2.057231701189553e-09,0.9978036215961049,-0.0007673525515746451,
fit,0.35,2.117456691035712e-09,0.997781368281092,-0.0007751131923959846,
fit,0.35,2.179444753752988e-09,0.9977588899122397,-0.0007829519362721809,
fit,0.35,2.2432475028984158e-09,0.9977361842206003,-0.0007908697334061748,
fit,0.35,2.3089180630041926e-09,0.9977132489183088,-0.0007988672182534309,
fit,0.35,2.376511113811078e-09,0.9976900816899746,-0.000806945524524259,
fit,0.35,2.4460829357967956e-09,0.9976666801999281,-0.0008151048772239138,
fit,0.35,2.517691457037277e-09,0.9976430420894117,-0.0008233465844418603,
fit,0.35,2.5913963014396624e-09,0.9976191649734014,-0.0008316712443662139,
fit,0.35,2.6672588383874027e-09,0.9975950464461505,-0.0008400798962644573,
fit,0.35,2.745342233838714e-09,0.9975706840756473,-0.0008485731501670524,
fit,0.35,2.825711502920833e-09,0.9975460754065478,-0.0008571517773090509,
fit,0.35,2.908433564064045e-09,0.9975212179590859,-0.0008658168976341096,
fit,0.35,2.9935772947204903e-09,0.9974961092293668,-0.0008745693544180248,
fit,0.35,3.0812135887140084e-09,0.9974707466866312,-0.000883409695963247,
fit,0.35,3.1714154152689956e-09,0.997445127775042,-0.0008923391648806428,
fit,0.35,3.2642578797673237e-09,0.9974192499154668,-0.0009013584799039027,
fit,0.35,3.359818286283788e-09,0.9973931105012145,-0.0009104684601308477,
fit,0.35,3.4581762019523772e-09,0.9973667068999225,-0.0009196703275470182,
fit,0.35,3.559413523216862e-09,0.9973400364529738,-0.000928964664106682,
fit,0.35,3.6636145440207234e-09,0.9973130964753709,-0.0009383525322685052,
fit,0.35,3.7708660259934516e-09,0.9972858842559065,-0.0009478348762156225,
fit,0.35,3.88125727069154e-09,0.9972583970541665,-0.0009574124871668584,
fit,0.35,3.9948801939541785e-09,0.9972306321058765,-0.0009670864866448831,
fit,0.35,4.111829402435829e-09,0.9972025866154531,-0.0009768579185061316,
fit,0.35,4.23220227237928e-09,0.9971742577623246,-0.000986727687310833,
fit,0.35,4.356099030694617e-09,0.9971456426962257,-0.000996696474242522,
fit,0.35,4.4836228384119056e-09,0.9971167385399099,-0.0010067656718170549,
fit,0.35,4.614879876576943e-09,0.9970875423860465,-0.001016936063210289,
fit,0.35,4.7499794346614025e-09,0.997058051298097,-0.0010272086649918792,
fit,0.35,4.8890340015614424e-09,0.9970282623119185,-0.0010375845468245798,
fit,0.35,5.032159359259999e-09,0.9969981724339559,-0.0010480648033883919,
fit,0.35,5.179474679231202e-09,0.9969677786387315,-0.0010586502727289535,
fit,0.35,5.331102621667033e-09,0.9969370778714669,-0.0010693421153994565,
fit,0.35,5.4871694376086094e-09,0.9969060670484685,-0.0010801414939760213,
fit,0.35,5.647805074067546e-09,0.9968747430536009,-0.0010910493254042246,
fit,0.35,5.813143282224713e-09,0.9968431027406194,-0.0011020666823076224,
fit,0.35,5.983321728796294e-09,0.9968111429325438,-0.0011131949188620555,
fit,0.35,6.158482110660254e-09,0.9967788604188593,-0.0011244348771101385,
fit,0.35,6.3387702728384874e-09,0.996746251959426,-0.0011357873041086194,
fit,0.35,6.524336329932635e-09,0.9967133142797978,-0.0011472541626330116,
fit,0.35,6.715334791115135e-09,0.9966800440744974,-0.0011588360090779327,
fit,0.35,6.911924688779365e-09,0.9966464380048178,-0.0011705342226855393,
fit,0.35,7.114269710955745e-09,0.9966124926995089,-0.001182349875043313,
fit,0.35,7.322538337604526e-09,0.9965782047519728,-0.001194284155619424,
fit,0.35,7.536903980898543e-09,0.9965435707240605,-0.0012063381994072263,
fit,0.35,7.757545129612429e-09,0.9965085871425238,-0.0012185130721715075,
fit,0.35,7.984645497739078e-09,0.9964732504980273,-0.0012308102025472192,
fit,0.35,8.218394177456807e-09,0.9964375572497502,-0.0012432306276308428,
fit,0.35,8.458985796574318e-09,0.9964015038192026,-0.0012557757055948922,
fit,0.35,8.706620680585118e-09,0.9963650865942041,-0.0012684469279872768,
fit,0.35,8.96150501946605e-09,0.9963283019231645,-0.0012812449721424923,
fit,0.35,9.223851039358457e-09,0.9962911461243461,-0.0012941714655490665,
fit,0.35,9.49387717927582e-09,0.9962536154735618,-0.001307227332899237,
fit,0.35,9.771808272983909e-09,0.9962157062136411,-0.0013204143610600141,
fit,0.35,1.0057875736205836e-08,0.9961774145484839,-0.001333733327681023,
fit,0.35,1.0352317759307377e-08,0.9961387366450039,-0.001347185963821813,
fit,0.35,1.0655379505623063e-08,0.9960996686318445,-0.0013607733619914342,
fit,0.35,1.0967313315588178e-08,0.9960602065996337,-0.0013744970748735298,
fit,0.35,1.1288378916846883e-08,0.9960203465992784,-0.001388358205585926,
fit,0.35,1.1618843640511014e-08,0.9959800846449894,-0.0014023580892086693,
fit,0.35,1.1958982643749794e-08,0.995939416709357,-0.0014164982736888255,
fit,0.35,1.2309079138896018e-08,0.9958983387255973,-0.0014307801153240606,
fit,0.35,1.2669424629259076e-08,0.9958568465875031,-0.0014452048768080188,
fit,0.35,1.3040319151841315e-08,0.9958149361484505,-0.0014597742822925301,
fit,0.35,1.3422071527160119e-08,0.9957726032189687,-0.0014744894486126044,
fit,0.35,1.3814999616383237e-08,0.9957298435705452,-0.0014893519065435745,
fit,0.35,1.4219430585991676e-08,0.9956866529319077,-0.0015043631351493968,
fit,0.35,1.4635701180190798e-08,0.9956430269886631,-0.0015195244951193392,
fit,0.35,1.5064158001295943e-08,0.9955989613860918,-0.0015348377071017997,
fit,0.35,1.5505157798326253e-08,0.9955544517247826,-0.0015503040195794082,
fit,0.35,1.595906776404731e-08,0.9955094935620817,-0.0015659249643640485,
fit,0.35,1.6426265840709303e-08,0.9954640824126972,-0.0015817023062167004,
fit,0.35,1.690714103473578e-08,0.9954182137451723,-0.001597637313653916,
fit,0.35,1.740209374062485e-08,0.9953718829866641,-0.0016137318178030442,
fit,0.35,1.7911536074332302e-08,0.9953250855149367,-0.0016299871497477345,
fit,0.35,1.843589221641486e-08,0.9952778166664272,-0.0016464045825436875,
fit,0.35,1.8975598765218503e-08,0.9952300717289081,-0.0016629865329737085,
fit,0.35,1.953110510040631e-08,0.9951818459449301,-0.0016797342788798936,
fit,0.35,2.0102873757128834e-08,0.9951331345092035,-0.0016966489343338935,
fit,0.35,2.0691380811147902e-08,0.995083932571814,-0.0017137328475316238,
fit,0.35,2.1297116275234783e-08,0.9950342352322963,-0.0017309872170697058,
fit,0.35,2.1920584507173234e-08,0.9949840375432583,-0.0017484139144388067,
fit,0.35,2.256230462970635e-08,0.9949333345085689,-0.0017660147605033476,
fit,0.35,2.3222810962777245e-08,0.994882121082993,-0.0017837912778971982,
fit,0.35,2.3902653468423895e-08,0.994830392171877,-0.0018017453084558863,
fit,0.35,2.4602398208697776e-08,0.9947781426311829,-0.0018198782177531458,
fit,0.35,2.5322627816987946e-08,0.9947253672651751,-0.0018381921758564013,
fit,0.35,2.606394198314347e-08,0.994672060827218,-0.001856688892508531,
fit,0.35,2.682695795279727e-08,0.9946182180214308,-0.0018753700735057444,
fit,0.35,2.761231104130753e-08,0.9945638334973349,-0.0018942375156822538,
fit,0.35,2.8420655162745108e-08,0.9945089018528958,-0.0019132929681081427,
fit,0.35,2.9252663374366476e-08,0.9944534176345116,-0.0019325385344832469,
fit,0.35,3.0109028437025925e-08,0.9943973753336213,-0.0019519759911645375,
fit,0.35,3.099046339199427e-08,0.9943407693876848,-0.0019716070342766547,
fit,0.35,3.189770215466325e-08,0.9942835941806166,-0.0019914336600992642,
fit,0.35,3.283150012563047e-08,0.9942258440425361,-0.002011457761982048,
fit,0.35,3.379263481967431e-08,0.994167513245095,-0.002031681484135784,
fit,0.35,3.478190651314134e-08,0.9941085960063791,-0.0020521065118295732,
fit,0.35,3.58001389102858e-08,0.9940490864868256,-0.002072734759828266,
fit,0.35,3.6848179829116765e-08,0.9939889787915851,-0.0020935684352550547,
fit,0.35,3.792690190732254e-08,0.9939282669653254,-0.002114609390258062,
fit,0.35,3.903720332886092e-08,0.9938669449981518,-0.0021358596698187425,
fit,0.35,4.0180008571820914e-08,0.9938050068186227,-0.002157321342159225,
fit,0.35,4.135626917817706e-08,0.9937424462966643,-0.002178996623975603,
fit,0.35,4.256696454607867e-08,0.9936792572455942,-0.0022008874741946266,
fit,0.35,4.381310274533306e-08,0.9936154334138028,-0.00222299578483362,
fit,0.35,4.5095721356761446e-08,0.9935509684914411,-0.002245323781568942,
fit,0.35,4.641588833612773e-08,0.9934858561075343,-0.0022678736808008845,
fit,0.35,4.7774702903357733e-08,0.9934200898279935,-0.0022906480820791414,
fit,0.35,4.917329645779016e-08,0.9933536631567751,-0.0023136482358607283,
fit,0.35,5.061283352022214e-08,0.9932865695347065,-0.0023368769047257404,
fit,0.35,5.209451270253212e-08,0.9932188023380272,-0.002360336350420277,
fit,0.35,5.3619567705688166e-08,0.9931503548805208,-0.0023840284067865487,
fit,0.35,5.5189268346973744e-08,0.9930812204101471,-0.002407955755580043,
fit,0.35,5.680492161728429e-08,0.9930113921093922,-0.002432120834703032,
fit,0.35,5.846787276937589e-08,0.9929408630925624,-0.0024565253913009302,
fit,0.35,6.017950643797328e-08,0.9928696264110103,-0.002481171865545289,
fit,0.35,6.19412477926676e-08,0.9927976750464401,-0.0025060627734479514,
fit,0.35,6.375456372456507e-08,0.9927250019140438,-0.0025312003634822,
fit,0.35,6.562096406767554e-08,0.9926515998589238,-0.0025565873179962013,
fit,0.35,6.754200285605593e-08,0.9925774616572335,-0.0025822256766914325,
fit,0.35,6.951927961775605e-08,0.9925025800151346,-0.0026081180148907306,
fit,0.35,7.155444070664575e-08,0.9924269475710062,-0.0026342667760718905,
fit,0.35,7.364918067322973e-08,0.9923505568883542,-0.0026606745748836563,
fit,0.35,7.580524367559261e-08,0.9922734004611069,-0.002687343618301627,
fit,0.35,7.802442493165044e-08,0.9921954707096091,-0.002714276558574806,
fit,0.35,8.030857221391521e-08,0.9921167599831376,-0.0027414761786618592,
fit,0.35,8.265958738801813e-08,0.9920372605537869,-0.0027689445313900662,
fit,0.35,8.507942799627444e-08,0.9919569646237131,-0.002796684875042005,
fit,0.35,8.757010888760517e-08,0.9918758643156721,-0.00282469933280792,
fit,0.35,9.013370389517438e-08,0.9917939516796173,-0.00285299053290659,
fit,0.35,9.27723475631406e-08,0.991711218687381,-0.0028815612513395407,
fit,0.35,9.548823692395676e-08,0.9916276572344298,-0.002910414384506236,
fit,0.35,9.82836333277003e-08,0.9915432591386955,-0.002939552228989034,
fit,0.35,1.0116086432495807e-07,0.9914580161365126,-0.00296897809724965,
fit,0.35,1.0412232560483065e-07,0.9913719198907206,-0.0029986939835937414,
fit,0.35,1.0717048298967093e-07,0.9912849619792196,-0.003028703229990229,
fit,0.35,1.1030787448822151e-07,0.9911971339017169,-0.0030590087859316446,
fit,0.35,1.1353711240885178e-07,0.9911084270753584,-0.003089613054581747,
fit,0.35,1.1686088553466497e-07,0.99101883283439,-0.0031205188967634336,
fit,0.35,1.2028196136227775e-07,0.9909283424318426,-0.003151729424259307,
fit,0.35,1.2380318840613968e-07,0.9908369470377986,-0.0031832476098023407,
fit,0.35,1.274274985703132e-07,0.9907446377342035,-0.0032150761336189257,
fit,0.35,1.3115790958968502e-07,0.9906514055225045,-0.0032472180719151575,
fit,0.35,1.3499752754264296e-07,0.9905572413149057,-0.0032796763464523274,
fit,0.35,1.389495494373136e-07,0.9904621359391621,-0.0033124540200646854,
fit,0.35,1.4301726587350879e-07,0.9903660801327613,-0.003345554401808934,
fit,0.35,1.4720406378260015e-07,0.9902690645480607,-0.0033789801021400917,
fit,0.35,1.5151342924760513e-07,0.990171079746076,-0.003412734507731399,
fit,0.35,1.5594895040582833e-07,0.9900721161991957,-0.0034468208667015124,
fit,0.35,1.6051432043647616e-07,0.9899721642902032,-0.0034812419051655774,
fit,0.35,1.6521334063573685e-07,0.989871214309011,-0.0035160011688796164,
fit,0.35,1.700499235818794e-07,0.9897692564523203,-0.003551101682289122,
fit,0.35,1.750280963930101e-07,0.9896662808261713,-0.0035865466478198216,
fit,0.35,1.8015200408020237e-07,0.9895622774429974,-0.003622339692347487,
fit,0.35,1.8542591299878542e-07,0.9894572362171999,-0.00365848365740324,
fit,0.35,1.908542144006686e-07,0.9893511469702467,-0.0036949821563424037,
fit,0.35,1.9644142809066267e-07,0.9892439994285454,-0.0037318381229175038,
fit,0.35,2.0219220618983556e-07,0.9891357832186308,-0.0037690556956448615,
fit,0.35,2.081113370090395e-07,0.9890264878708438,-0.003806637546658595,
fit,0.35,2.142037490358383e-07,0.9889161028156644,-0.0038445874536286104,
fit,0.35,2.2047451503814767e-07,0.9888046173833119,-0.0038829089207642956,
fit,0.35,2.269288562880081e-07,0.9886920208055718,-0.003921605376927144,
fit,0.35,2.3357214690901212e-07,0.9885783022104965,-0.003960680357561044,
fit,0.35,2.404099183509974e-07,0.9884634506266293,-0.00400013737057596,
fit,0.35,2.4744786399573476e-07,0.9883474549753393,-0.004039980133294485,
fit,0.35,2.54691843897454e-07,0.9882303040778601,-0.004080211933161354,
fit,0.35,2.6214788966213584e-07,0.9881119866473581,-0.004120836909630589,
fit,0.35,2.6982220946965334e-07,0.987992491292994,-0.004161858631748679,
fit,0.35,2.777211932429355e-07,0.9878718065161717,-0.004203280455497359,
fit,0.35,2.8585141796844717e-07,0.987749920711592,-0.004245106610234611,
fit,0.35,2.942196531724371e-07,0.9876268221636547,-0.004287340560004169,
fit,0.35,3.0283286655749457e-07,0.9875024990487216,-0.004329986037967762,
fit,0.35,3.1169822980411437e-07,0.9873769394326558,-0.004373047306296687,
fit,0.35,3.208231245421074e-07,0.9872501312685161,-0.004416527872357898,
fit,0.35,3.3021514849681757e-07,0.9871220623978685,-0.004460431830555271,
fit,0.35,3.3988212181526674e-07,0.9869927205490372,-0.004504762966897453,
fit,0.35,3.498320935775032e-07,0.9868620933352418,-0.0045495253610836894,
fit,0.35,3.60073348498562e-07,0.9867301682556183,-0.004594723134509003,
fit,0.35,3.706144138266228e-07,0.9865969326929512,-0.004640360208085739,
fit,0.35,3.814640664431174e-07,0.9864623739117938,-0.004686440518024061,
fit,0.35,3.9263134017068395e-07,0.9863264790594671,-0.004732968534130522,
fit,0.35,4.0412553329506e-07,0.9861892351626066,-0.004779948020456462,
fit,0.35,4.159562163071843e-07,0.9860506291305488,-0.0048273834124658785,
fit,0.35,4.281332398719396e-07,0.9859106477483742,-0.004875278928167526,
fit,0.35,4.4066674303017865e-07,0.9857692776806761,-0.0049236387965245695,
fit,0.35,4.5356716164087024e-07,0.9856265054688661,-0.004972467050655925,
fit,0.35,4.6684523707037945e-07,0.9854823175288976,-0.005021768290783275,
fit,0.35,4.805120251361242e-07,0.9853367001532067,-0.0050715468515135295,
fit,0.35,4.94578905312064e-07,0.9851896395064385,-0.005121807133721054,
fit,0.35,5.090575902036687e-07,0.9850411216281006,-0.00517255353448149,
fit,0.35,5.239601353002645e-07,0.9848911324260822,-0.0052237900370285945,
fit,0.35,5.39298949012887e-07,0.9847396576813038,-0.00527552203635491,
fit,0.35,5.550868030059811e-07,0.9845866830442098,-0.005327753640285211,
fit,0.35,5.713368428315579e-07,0.9844321940317012,-0.005380489334220848,
fit,0.35,5.880625988746756e-07,0.9842761760304214,-0.005433733787857158,
fit,0.35,6.052779976193355e-07,0.984118614292948,-0.005487491608422379,
fit,0.35,6.229973732441834e-07,0.9839594939355066,-0.0055417679219891686,
fit,0.35,6.412354795576917e-07,0.9837987999398988,-0.00559656684171219,
fit,0.35,6.600075022827102e-07,0.9836365171507854,-0.005651893365864441,
fit,0.35,6.793290717006688e-07,0.9834726302743793,-0.005707752292237821,
fit,0.35,6.992162756659375e-07,0.9833071238794376,-0.005764148512129516,
fit,0.35,7.196856730011514e-07,0.9831399823911404,-0.005821086925471647,
fit,0.35,7.407543072847155e-07,0.9829711900979046,-0.005878572375945364,
fit,0.35,7.624397210419138e-07,0.9828007311403762,-0.0059366098463306954,
fit,0.35,7.847599703514607e-07,0.9826285895194941,-0.005995204301247954,
fit,0.35,8.077336398796703e-07,0.9824547490908907,-0.006054360770502011,
fit,0.35,8.313798583547334e-07,0.9822791935629892,-0.0061140844318270104,
fit,0.35,8.557183144940002e-07,0.9821019064987185,-0.006174380341869699,
fit,0.35,8.807692733975452e-07,0.9819228713113528,-0.006235253584020439,
fit,0.35,9.065535934216359e-07,0.9817420712663285,-0.006296709431147789,
fit,0.35,9.330927435461664e-07,0.9815594894766665,-0.006358753263935493,
fit,0.35,9.60408821250537e-07,0.9813751089070853,-0.006421390190593609,
fit,0.35,9.88524570912828e-07,0.9811889123654781,-0.006484625176778808,
fit,0.35,1.0174634027476063e-06,0.9810008825093396,-0.006548464383983557,
fit,0.35,1.0472494122981475e-06,0.9808110018370148,-0.006612912332245605,
fit,0.35,1.0779074004992737e-06,0.9806192526957668,-0.006677975118219076,
fit,0.35,1.1094628943275218e-06,0.9804256172695801,-0.006743658252261947,
fit,0.35,1.1419421680558647e-06,0.9802300775872851,-0.006809966637316783,
fit,0.35,1.1753722651306367e-06,0.9800326155184083,-0.006876906356368145,
fit,0.35,1.2097810206889012e-06,0.9798332127675815,-0.006944482821483577,
fit,0.35,1.2451970847350319e-06,0.9796318508806658,-0.007012701791364068,
fit,0.35,1.2816499459957596e-06,0.9794285112380976,-0.007081568616692457,
fit,0.35,1.3191699564735718e-06,0.9792231750563065,-0.007151089493253521,
fit,0.35,1.3577883567189277e-06,0.9790158233844309,-0.007221270022345613,
fit,0.35,1.3975373018422926e-06,0.9788064371060662,-0.007292115943277791,
fit,0.35,1.438449888287663e-06,0.9785949969351432,-0.007363633335483719,
fit,0.35,1.4805601813899102e-06,0.978381483415372,-0.007435827847284512,
fit,0.35,1.5239032437388304e-06,0.9781658769208192,-0.007508705505267305,
fit,0.35,1.5685151643735445e-06,0.9779481576524187,-0.007582272401545506,
fit,0.35,1.614433088831602e-06,0.9777283056378666,-0.007656534471816412,
fit,0.35,1.6616952500776905e-06,0.9775063007300199,-0.007731497808441429,
fit,0.35,1.7103410003378378e-06,0.9772821226058269,-0.007807168541923107,
fit,0.35,1.7604108438655526e-06,0.9770557507631249,-0.007883552743257374,
fit,0.35,1.8119464706671223e-06,0.9768271645249632,-0.007960656932809188,
fit,0.35,1.8649907912142943e-06,0.9765963430311855,-0.008038486870908426,
fit,0.35,1.919587972173111e-06,0.9763632652413836,-0.008117049546532848,
fit,0.35,1.9757834731786993e-06,0.9761279099329206,-0.008196350767431138,
fit,0.35,2.03362408468667e-06,0.9758902557000942,-0.008276396874260336,
fit,0.35,2.093157966932574e-06,0.9756502809508371,-0.008357194613130295,
fit,0.35,2.1544346900318822e-06,0.9754079639073797,-0.00843875034038817,
fit,0.35,2.2175052752539296e-06,0.9751632826037451,-0.00852107045688949,
fit,0.35,2.2824222375040977e-06,0.9749162148862203,-0.008604161780390265,
fit,0.35,2.349239629049658e-06,0.9746667384110044,-0.008688030986736081,
fit,0.35,2.418013084525718e-06,0.9744148306404057,-0.008772684058102748,
fit,0.35,2.488799867258667e-06,0.9741604688461116,-0.008858128710493851,
fit,0.35,2.5616589169457267e-06,0.9739036301053,-0.008944371047222385,
fit,0.35,2.6366508987303555e-06,0.9736442912986748,-0.009031418014585055,
fit,0.35,2.71383825371428e-06,0.9733824291111942,-0.00911927639969494,
fit,0.35,2.793285250948253e-06,0.9731180200281067,-0.009207953056329932,
fit,0.35,2.875058040944877e-06,0.9728510403375766,-0.0092974549900956,
fit,0.35,2.9592247107579573e-06,0.9725814661244172,-0.009387789293935175,
fit,0.35,3.045855340674284e-06,0.9723092732733098,-0.009478962844126276,
fit,0.35,3.1350220625651123e-06,0.9720344374646919,-0.009570982794748897,
fit,0.35,3.226799119945812e-06,0.9717569341732437,-0.009663856429062173,
fit,0.35,3.321262929793748e-06,0.9714767386688022,-0.009757590552439938,
fit,0.35,3.418492146175927e-06,0.9711938260140487,-0.00985219258186025,
fit,0.35,3.5185677257392664e-06,0.970908171061225,-0.00994766983907125,
fit,0.35,3.621572995118075e-06,0.970619748452183,-0.010044029406260993,
fit,0.35,3.727593720314938e-06,0.9703285326205352,-0.010141278957487829,
fit,0.35,3.836718178112649e-06,0.9700344977835901,-0.010239425285688344,
fit,0.35,3.949037229576694e-06,0.9697376179452224,-0.01033847692359259,
fit,0.35,4.0646443957096275e-06,0.9694378668949065,-0.0104384401569865,
fit,0.35,4.183635935320023e-06,0.9691352182031497,-0.010539323257674107,
fit,0.35,4.306110925171165e-06,0.9688296452244884,-0.010641133659857555,
fit,0.35,4.432171342476085e-06,0.9685211210923574,-0.01074387908363196,
fit,0.35,4.561922149807459e-06,0.9682096187199262,-0.010847566954661825,
fit,0.35,4.695471382493421e-06,0.9678951107978916,-0.010952205175515109,
fit,0.35,4.832930238571752e-06,0.9675775697925598,-0.01105780152717746,
fit,0.35,4.974413171377452e-06,0.9672569679458759,-0.011164363763298935,
fit,0.35,5.120037984840882e-06,0.9669332772731586,-0.01127189989988707,
fit,0.35,5.269925931575657e-06,0.966606469561774,-0.011380417755280592,
fit,0.35,5.424201813838024e-06,0.9662765163714692,-0.011489925125218015,
fit,0.35,5.582994087441914e-06,0.9659433890288796,-0.01160043038122481,
fit,0.35,5.746434968715974e-06,0.9656070586330184,-0.011711941162032113,
fit,0.35,5.914660544591746e-06,0.9652674960444498,-0.011824465865167347,
fit,0.35,6.087810885914756e-06,0.9649246718935425,-0.011938012467213752,
fit,0.35,6.266030164072656e-06,0.9645785565726319,-0.012052589345371581,
fit,0.35,6.449466771037621e-06,0.9642291202369648,-0.01216820466160598,
fit,0.35,6.638273442923075e-06,0.9638763328054688,-0.012284866754925544,
fit,0.35,6.832607387157405e-06,0.963520163953361,-0.01240258373197975,
fit,0.35,7.032630413380643e-06,0.9631605831194051,-0.012521364310588437,
fit,0.35,7.2385090681732476e-06,0.9627975594950513,-0.012641216631150767,
fit,0.35,7.450414773728917e-06,0.9624310620321355,-0.012762149310823312,
fit,0.35,7.66852397058701e-06,0.9620610594338466,-0.012884170722168797,
fit,0.35,7.893018264543566e-06,0.9616875201588284,-0.013007289704683817,
fit,0.35,8.124084577862973e-06,0.961310412417775,-0.013131514711458375,
fit,0.35,8.361915304916318e-06,0.9609297041709214,-0.013256854484291092,
fit,0.35,8.606708472376158e-06,0.9605453631305574,-0.013383317469363831,
fit,0.35,8.858667904100832e-06,0.960157356754403,-0.013510912898005628,
fit,0.35,9.11800339084568e-06,0.9597656522482817,-0.013639649060772252,
fit,0.35,9.384930864942721e-06,0.9593702165640282,-0.01376953477979273,
fit,0.35,9.659672580093843e-06,0.9589710163976811,-0.013900579523637768,
fit,0.35,9.942457296427399e-06,0.9585680181868522,-0.014032791819614032,
fit,0.35,1.0233520470972576e-05,0.9581611881121587,-0.014166180548762008,
fit,0.35,1.053310445370936e-05,0.9577504920938805,-0.014300755080921518,
fit,0.35,1.084145868935835e-05,0.9573358957933037,-0.014436523942457952,
fit,0.35,1.1158839925077481e-05,0.9569173646067425,-0.014573496756092014,
fit,0.35,1.1485512424239369e-05,0.9564948636683074,-0.014711682440764734,
fit,0.35,1.1821748186466723e-05,0.9560683578485021,-0.014851090261015581,
fit,0.35,1.216782717410923e-05,0.9556378117503893,-0.01499172928489892,
fit,0.35,1.2524037545350718e-05,0.9552031897096279,-0.015133609124134834,
fit,0.35,1.2890675894140244e-05,0.9547644557942375,-0.015276738928341194,
fit,0.35,1.3268047497147244e-05,0.9543215738026536,-0.01542112797108805,
fit,0.35,1.3656466567946097e-05,0.9538745072610505,-0.015566785953109258,
fit,0.35,1.4056256518642135e-05,0.9534232194245739,-0.015713722055210377,
fit,0.35,1.446775022915648e-05,0.9529676732744768,-0.015861945651865494,
fit,0.35,1.4891290324394086e-05,0.9525078315174801,-0.016011466790940426,
fit,0.35,1.5327229459526118e-05,0.9520436565835194,-0.016162294519025844,
fit,0.35,1.5775930613623614e-05,0.9515751106265974,-0.016314438716266005,
fit,0.35,1.623776739188721e-05,0.9511021555227952,-0.016467909262808555,
fit,0.35,1.671312433672486e-05,0.9506247528669048,-0.016622715170556135,
fit,0.35,1.720239724793599e-05,0.9501428639741452,-0.016778866982431806,
fit,0.35,1.770599351226898e-05,0.9496564498768706,-0.016936374254891334,
fit,0.35,1.8224332442626647e-05,0.9491654713259589,-0.01709524648690336,
fit,0.35,1.875784562720161e-05,0.9486698887862671,-0.01725549385842462,
fit,0.35,1.9306977288832496e-05,0.9481696624400081,-0.017417126225026502,
fit,0.35,1.9872184654880534e-05,0.9476647521796169,-0.01758015362810894,
fit,0.35,2.0453938337933903e-05,0.9471551176111298,-0.017744585696613607,
fit,0.35,2.105272272765707e-05,0.9466407180527261,-0.017910432717075375,
fit,0.35,2.166903639411181e-05,0.9461215125311483,-0.01807770499601763,
fit,0.35,2.230339250288494e-05,0.9455974597825328,-0.018246412381115684,
fit,0.35,2.2956319242369097e-05,0.9450685182517503,-0.018416564758834714,
fit,0.35,2.3628360263551753e-05,0.9445346460888665,-0.018588173197256863,
fit,0.35,2.432007513267945e-05,0.9439958011510324,-0.01876124654604505,
fit,0.35,2.5032039797173254e-05,0.9434519409974431,-0.01893579624641803,
fit,0.35,2.5764847065183745e-05,0.9429030228942686,-0.0191118319429584,
fit,0.35,2.651910709918535e-05,0.9423490038083973,-0.019289364411387816,
fit,0.35,2.729544792402007e-05,0.9417898404057562,-0.019468403821597896,
fit,0.35,2.809451594981406e-05,0.9412254890561247,-0.01964896050251408,
fit,0.35,2.8916976510202966e-05,0.9406559058266586,-0.019831045093078925,
fit,0.35,2.9763514416313192e-05,0.940081046483713,-0.020014667568675176,
fit,0.35,3.063483452696084e-05,0.9395008664893991,-0.02019983907391551,
fit,0.35,3.1531662335543616e-05,0.9389153210012952,-0.020386569916505476,
fit,0.35,3.245474457411325e-05,0.938324364874768,-0.020574870577395765,
fit,0.35,3.340484983513244e-05,0.9377279526584535,-0.020764751874847748,
fit,0.35,3.438276921143307e-05,0.9371260385920435,-0.020956224355928144,
fit,0.35,3.5389316954909844e-05,0.9365185766096061,-0.02114929843408553,
fit,0.35,3.642533115449638e-05,0.9359055203353449,-0.021343985535685728,
fit,0.35,3.749167443398886e-05,0.9352868230828658,-0.021540295729908593,
fit,0.35,3.8589234670298994e-05,0.9346624378571254,-0.02173824007329392,
fit,0.35,3.971892573273302e-05,0.9340323173493802,-0.021937829316797386,
fit,0.35,4.0881688243912894e-05,0.9333964139388353,-0.022139074472300763,
fit,0.35,4.207849036297398e-05,0.9327546796904528,-0.022341986297666427,
fit,0.35,4.331032859169001e-05,0.9321070663554378,-0.0225465758457839,
fit,0.35,4.457822860419707e-05,0.9314535253694736,-0.022752853879994456,
fit,0.35,4.58832461010084e-05,0.9307940078510137,-0.022960831467096543,
fit,0.35,4.7226467688029544e-05,0.9301284646003518,-0.023170519626673186,
fit,0.35,4.8609011781306306e-05,0.9294568461025845,-0.02338192948715473,
fit,0.35,5.003202953825999e-05,0.928779102518878,-0.023595071806405715,
fit,0.35,5.149670581618343e-05,0.9280951836950093,-0.023809958181224306,
fit,0.35,5.300426015879673e-05,0.9274050391529434,-0.02402659957567771,
fit,0.35,5.4555947811685143e-05,0.9267086180924968,-0.02424500678207342,
fit,0.35,5.6153060767462665e-05,0.9260058693917053,-0.024465191502159145,
fit,0.35,5.7796928841533134e-05,0.9252967416061111,-0.024687164733509848,
fit,0.35,5.948892077934331e-05,0.9245811829637143,-0.024910938044453157,
fit,0.35,6.123044539605177e-05,0.9238591413685029,-0.0251365223010121,
fit,0.35,6.302295274956024e-05,0.9231305643987092,-0.02536392899562262,
fit,0.35,6.486793534788508e-05,0.9223953993025157,-0.02559316955840274,
fit,0.35,6.676692939187557e-05,0.9216535930046801,-0.025824255170234844,
fit,0.35,6.872151605431122e-05,0.9209050920971157,-0.026057197513474184,
fit,0.35,7.073332279644439e-05,0.9201498428423444,-0.026292007873567835,
fit,0.35,7.280402472308562e-05,0.9193877911722991,-0.026528697953893232,
fit,0.35,7.493534597735756e-05,0.9186188826892755,-0.026767278855842513,
fit,0.35,7.712906117627993e-05,0.9178430626603061,-0.027007762434919536,
fit,0.35,7.938699688838223e-05,0.9170602760198076,-0.027250160418231084,
fit,0.35,8.171103315457187e-05,0.9162704673664784,-0.02749448396214632,
fit,0.35,8.410310505352605e-05,0.9154735809659625,-0.027740745109817944,
fit,0.35,8.656520431290936e-05,0.9146695607478611,-0.027988955152560002,
fit,0.35,8.909938096776098e-05,0.913858350301988,-0.02823912613979468,
fit,0.35,9.170774506742931e-05,0.9130398928820643,-0.028491269578762135,
fit,0.35,9.439246843247663e-05,0.9122141314023468,-0.02874539723491404,
fit,0.35,9.715578646301848e-05,0.9113810084365209,-0.029001521161821364,
fit,0.35,0.0001,0.910540466218268,-0.029259652976066752,
numerical,0.4,1e-09,0.999427184317955,-0.0002746596334226581,46.65866124429226
numerical,0.4,1.333521432163324e-09,0.9993466753945719,-0.0002869007636823184,46.65848487241369
numerical,0.4,1.7782794100389228e-09,0.9992609995212574,-0.0003099416510581321,46.65828465946195
numerical,0.4,2.3713737056616553e-09,0.9991674915829063,-0.0003410115251369916,46.658058715398205
numerical,0.4,3.1622776601683795e-09,0.9990640530841173,-0.00037881430693520457,46.65780447504164
numerical,0.4,4.216965034285823e-09,0.9989488288682429,-0.00042287880235303277,46.65751880985297
numerical,0.4,5.623413251903491e-09,0.9988200212926843,-0.0004732393577198124,46.65719806912703
numerical,0.4,7.498942093324558e-09,0.9986757713927377,-0.000530263129863151,46.656838078312525
numerical,0.4,1e-08,0.9985140844348903,-0.0005945162288023553,46.65643410951181
numerical,0.4,1.333521432163324e-08,0.9983327739264221,-0.0006667605923000863,46.655980834588156
numerical,0.4,1.7782794100389228e-08,0.9981294137538459,-0.0007478938524796419,46.65547226246235
numerical,0.4,2.371373705661655e-08,0.9979013002106645,-0.0008389497730441065,46.65490166474465
numerical,0.4,3.162277660168379e-08,0.9976454096261285,-0.0009411167607957793,46.65426148996432
numerical,0.4,4.2169650342858225e-08,0.9973583583902994,-0.0010557119770453482,46.65354326530135
numerical,0.4,5.6234132519034905e-08,0.9970363551299521,-0.0011842527889633914,46.652737486969684
numerical,0.4,7.498942093324559e-08,0.996675151305987,-0.0013284033971654452,46.65183349488995
numerical,0.4,1e-07,0.9962699831454427,-0.0014900797492787277,46.65081933409184
numerical,0.4,1.333521432163324e-07,0.9958155136934863,-0.0016713544153068582,46.64968159666492
numerical,0.4,1.7782794100389227e-07,0.9953057651943009,-0.0018746157208227032,46.64840524894464
numerical,0.4,2.3713737056616554e-07,0.9947340375318343,-0.0021024968162679514,46.64697343415777
numerical,0.4,3.162277660168379e-07,0.9940928231571471,-0.0023579791737642353,46.6453672535696
numerical,0.4,4.2169650342858225e-07,0.9933737147841613,-0.0026443405148173227,46.64356551986133
numerical,0.4,5.62341325190349e-07,0.9925673009493097,-0.002965291273458348,46.64154448463985
numerical,0.4,7.498942093324558e-07,0.9916630435619629,-0.003324953448538892,46.63927753121095
numerical,0.4,1e-06,0.9906491489448488,-0.003727939039269046,46.63673483256233
numerical,0.4,1.333521432163324e-06,0.9895124225507139,-0.004179378804407108,46.633882969098046
numerical,0.4,1.778279410038923e-06,0.9882381091933814,-0.004684997337624175,46.63068450307424
numerical,0.4,2.3713737056616552e-06,0.9868097141918604,-0.005251165433234561,46.627097504003224
numerical,0.4,3.162277660168379e-06,0.9852088107509074,-0.00588495374347886,46.62307502051165
numerical,0.4,4.216965034285822e-06,0.9834148199799273,-0.006594254368772923,46.618564493746085
numerical,0.4,5.623413251903491e-06,0.9814047765060914,-0.007387770885821432,46.61350710365496
numerical,0.4,7.498942093324558e-06,0.9791530717725232,-0.008275178629006952,46.60783704685106
numerical,0.4,1e-05,0.9766311766242524,-0.009267114235369966,46.60148073516409
numerical,0.4,1.333521432163324e-05,0.9738073337172657,-0.010375384841565527,46.59435591301662
numerical,0.4,1.778279410038923e-05,0.970646229067456,-0.011612905160298226,46.58637067975076
numerical,0.4,2.3713737056616554e-05,0.9671086502252431,-0.012993866887367034,46.57742241856414
numerical,0.4,3.1622776601683795e-05,0.9631511149393042,-0.014533757314935336,46.56739662070924
numerical,0.4,4.216965034285822e-05,0.9587254841469726,-0.016249455415439762,46.55616560182548
numerical,0.4,5.623413251903491e-05,0.9537785621099313,-0.018159222876570347,46.543587103713385
numerical,0.4,7.498942093324559e-05,0.9482516911931409,-0.020282751284057987,46.52950278116327
numerical,0.4,0.0001,0.9420803465245013,-0.02264110916521478,46.51373657102834
fit,0.4,1e-09,0.999395546253953,-0.00024164846499117373,
fit,0.4,1.0292747724096099e-09,0.999388533269585,-0.00024445058565015273,
fit,0.4,1.0594065571188498e-09,0.9993814389638273,-0.00024728519059597246,
fit,0.4,1.0904204429677525e-09,0.9993742623963818,-0.00025015254406175313,
fit,0.4,1.1223422532664196e-09,0.9993670026146638,-0.00025305313577917224,
fit,0.4,1.155198567296478e-09,0.9993596586537695,-0.00025598733039486387,
fit,0.4,1.1890167424419898e-09,0.9993522295398188,-0.0002589555984952993,
fit,0.4,1.223824936968195e-09,0.9993447142856665,-0.00026195813992065803,
fit,0.4,1.2596521334671388e-09,0.9993371118938423,-0.000264995215449993,
fit,0.4,1.296528162989669e-09,0.999329421356277,-0.0002680679758171301,
fit,0.4,1.334483729883841e-09,0.9993216416513938,-0.00027117591392153504,
fit,0.4,1.3735504373605121e-09,0.9993137717465445,-0.00027431987392744677,
fit,0.4,1.4137608138073614e-09,0.9993058105973823,-0.0002775004249105325,
fit,0.4,1.4551483398731967e-09,0.9992977571474798,-0.0002807176565768018,
fit,0.4,1.4977474763452001e-09,0.9992896103279882,-0.0002839722305698297,
fit,0.4,1.5415936928422734e-09,0.999281369057272,-0.00028726450566434825,
fit,0.4,1.5867234973483145e-09,0.9992730322432003,-0.00029059490463329484,
fit,0.4,1.6331744666101668e-09,0.9992645987782295,-0.00029396366807432975,
fit,0.4,1.6809852774253655e-09,0.9992560675440586,-0.00029737159648294533,
fit,0.4,1.7301957388458909e-09,0.9992474374085605,-0.0003008189413616349,
fit,0.4,1.7808468253246811e-09,0.9992387072263197,-0.0003043062123274597,
fit,0.4,1.8329807108324374e-09,0.9992298758398753,-0.00030783385667693336,
fit,0.4,1.8866408039732544e-09,0.9992209420778074,-0.0003114024545879338,
fit,0.4,1.9418717841282546e-09,0.9992119047537346,-0.0003150120592031393,
fit,0.4,1.9987196386572525e-09,0.9992027626703139,-0.00031866377137036543,
fit,0.4,2.057231701189553e-09,0.9991935146138985,-0.0003223576247416951,
fit,0.4,2.117456691035712e-09,0.9991841593589262,-0.0003260941180293015,
fit,0.4,2.179444753752988e-09,0.9991746956637328,-0.00032987397396372353,
fit,0.4,2.2432475028984158e-09,0.9991651222739645,-0.0003336976276043331,
fit,0.4,2.3089180630041926e-09,0.9991554379198148,-0.0003375653630695776,
fit,0.4,2.376511113811078e-09,0.9991456413167764,-0.00034147811679552734,
fit,0.4,2.4460829357967956e-09,0.9991357311661296,-0.000345435744847967,
fit,0.4,2.517691457037277e-09,0.9991257061537301,-0.00034943952664789977,
fit,0.4,2.5913963014396624e-09,0.9991155649508437,-0.00035348965848274166,
fit,0.4,2.6672588383874027e-09,0.9991053062123584,-0.00035758647938996654,
fit,0.4,2.745342233838714e-09,0.9990949285788963,-0.0003617306540724071,
fit,0.4,2.825711502920833e-09,0.9990844306744142,-0.00036592291241535147,
fit,0.4,2.908433564064045e-09,0.9990738111069651,-0.0003701635059706748,
fit,0.4,2.9935772947204903e-09,0.9990630684696358,-0.0003744534209617978,
fit,0.4,3.0812135887140084e-09,0.9990522013390892,-0.00037879272286726624,
fit,0.4,3.1714154152689956e-09,0.9990412082734389,-0.000383182286345382,
fit,0.4,3.2642578797673237e-09,0.9990300878180379,-0.0003876227503418939,
fit,0.4,3.359818286283788e-09,0.9990188384968803,-0.00039211442157437854,
fit,0.4,3.4581762019523772e-09,0.9990074588213126,-0.0003966581951786539,
fit,0.4,3.559413523216862e-09,0.998995947282531,-0.00040125442499513954,
fit,0.4,3.6636145440207234e-09,0.998984302355689,-0.00040590399510678776,
fit,0.4,3.7708660259934516e-09,0.9989725224979642,-0.0004106071106828005,
fit,0.4,3.88125727069154e-09,0.9989606061485578,-0.00041536475459126154,
fit,0.4,3.9948801939541785e-09,0.9989485517299744,-0.0004201774268766333,
fit,0.4,4.111829402435829e-09,0.9989363576437226,-0.00042504562595506055,
fit,0.4,4.23220227237928e-09,0.9989240222761048,-0.0004299702315179155,
fit,0.4,4.356099030694617e-09,0.9989115439935894,-0.00043495157732287683,
fit,0.4,4.4836228384119056e-09,0.998898921142659,-0.00043999087178608724,
fit,0.4,4.614879876576943e-09,0.99888615205253,-0.00044508801819473495,
fit,0.4,4.7499794346614025e-09,0.9988732350324246,-0.0004502444289499058,
fit,0.4,4.8890340015614424e-09,0.9988601683719436,-0.0004554603221980911,
fit,0.4,5.032159359259999e-09,0.998846950340822,-0.00046073646443725797,
fit,0.4,5.179474679231202e-09,0.998833579189812,-0.000466073645307364,
fit,0.4,5.331102621667033e-09,0.9988200531486093,-0.00047147250025072335,
fit,0.4,5.4871694376086094e-09,0.9988063704273955,-0.0004769338541876864,
fit,0.4,5.647805074067546e-09,0.9987925292137018,-0.0004824583265734166,
fit,0.4,5.813143282224713e-09,0.9987785276769378,-0.0004880465744132338,
fit,0.4,5.983321728796294e-09,0.998764363964178,-0.0004936992588078478,
fit,0.4,6.158482110660254e-09,0.9987500362008896,-0.0004994175436164689,
fit,0.4,6.3387702728384874e-09,0.998735542491608,-0.0005052018050320031,
fit,0.4,6.524336329932635e-09,0.9987208809183,-0.0005110529111994498,
fit,0.4,6.715334791115135e-09,0.9987060495418012,-0.0005169716037972377,
fit,0.4,6.911924688779365e-09,0.9986910464004808,-0.0005229587541282854,
fit,0.4,7.114269710955745e-09,0.9986758695086605,-0.000529014888734412,
fit,0.4,7.322538337604526e-09,0.9986605168601302,-0.0005351410525082324,
fit,0.4,7.536903980898543e-09,0.9986449864240701,-0.0005413381266707032,
fit,0.4,7.757545129612429e-09,0.9986292761472173,-0.0005476066878470102,
fit,0.4,7.984645497739078e-09,0.9986133839511456,-0.0005539476933454409,
fit,0.4,8.218394177456807e-09,0.9985973077352744,-0.0005603618417677507,
fit,0.4,8.458985796574318e-09,0.9985810453746519,-0.0005668500169994,
fit,0.4,8.706620680585118e-09,0.9985645947189387,-0.0005734132825847317,
fit,0.4,8.96150501946605e-09,0.9985479535944558,-0.0005800522221556682,
fit,0.4,9.223851039358457e-09,0.9985311198009338,-0.0005867680673689347,
fit,0.4,9.49387717927582e-09,0.9985140911140258,-0.0005935612756857948,
fit,0.4,9.771808272983909e-09,0.9984968652825845,-0.0006004328088554311,
fit,0.4,1.0057875736205836e-08,0.9984794400319302,-0.0006073838955246514,
fit,0.4,1.0352317759307377e-08,0.9984618130594042,-0.0006144149989278447,
fit,0.4,1.0655379505623063e-08,0.9984439820361729,-0.0006215272947172048,
fit,0.4,1.0967313315588178e-08,0.9984259446061818,-0.0006287216791140502,
fit,0.4,1.1288378916846883e-08,0.998407698388263,-0.0006359993601398103,
fit,0.4,1.1618843640511014e-08,0.9983892409720557,-0.0006433610144876293,
fit,0.4,1.1958982643749794e-08,0.9983705699197278,-0.0006508073915828094,
fit,0.4,1.2309079138896018e-08,0.9983516827668047,-0.0006583399094021725,
fit,0.4,1.2669424629259076e-08,0.9983325770190534,-0.0006659592242108728,
fit,0.4,1.3040319151841315e-08,0.9983132501551916,-0.0006736664603441264,
fit,0.4,1.3422071527160119e-08,0.9982936996212946,-0.0006814624156822029,
fit,0.4,1.3814999616383237e-08,0.9982739228402787,-0.0006893485795522502,
fit,0.4,1.4219430585991676e-08,0.9982539171996635,-0.0006973254632490289,
fit,0.4,1.4635701180190798e-08,0.9982336800614243,-0.0007053945423329657,
fit,0.4,1.5064158001295943e-08,0.9982132087541306,-0.0007135568871577732,
fit,0.4,1.5505157798326253e-08,0.9981925005779285,-0.0007218131124907632,
fit,0.4,1.595906776404731e-08,0.9981715527998475,-0.000730164536339571,
fit,0.4,1.6426265840709303e-08,0.9981503626580611,-0.0007386123970221491,
fit,0.4,1.690714103473578e-08,0.9981289273566576,-0.0007471575082580485,
fit,0.4,1.740209374062485e-08,0.9981072440701535,-0.0007558012340425184,
fit,0.4,1.7911536074332302e-08,0.9980853099392982,-0.0007645447125269765,
fit,0.4,1.843589221641486e-08,0.9980631220721042,-0.00077338882281056,
fit,0.4,1.8975598765218503e-08,0.9980406775436123,-0.0007823348009417209,
fit,0.4,1.953110510040631e-08,0.9980179733951546,-0.0007913841356553871,
fit,0.4,2.0102873757128834e-08,0.9979950066352652,-0.0008005376652440348,
fit,0.4,2.0691380811147902e-08,0.9979717742371547,-0.0008097965517903337,
fit,0.4,2.1297116275234783e-08,0.997948273140107,-0.0008191623297706648,
fit,0.4,2.1920584507173234e-08,0.9979245002469938,-0.0008286357827063792,
fit,0.4,2.256230462970635e-08,0.997900452428096,-0.0008382185812610479,
fit,0.4,2.3222810962777245e-08,0.9978761265146154,-0.0008479116026589278,
fit,0.4,2.3902653468423895e-08,0.9978515193038042,-0.0008577163987450349,
fit,0.4,2.4602398208697776e-08,0.9978266275549466,-0.0008676341980182398,
fit,0.4,2.5322627816987946e-08,0.9978014479918054,-0.0008776661558999553,
fit,0.4,2.606394198314347e-08,0.9977759772997729,-0.000887813441874376,
fit,0.4,2.682695795279727e-08,0.9977502121251435,-0.0008980779204254396,
fit,0.4,2.761231104130753e-08,0.9977241490785455,-0.0009084602953358953,
fit,0.4,2.8420655162745108e-08,0.997697784730574,-0.0009189624669621007,
fit,0.4,2.9252663374366476e-08,0.9976711156114121,-0.0009295852526748838,
fit,0.4,3.0109028437025925e-08,0.9976441382147238,-0.0009403302844034761,
fit,0.4,3.099046339199427e-08,0.9976168489907676,-0.0009511990708669059,
fit,0.4,3.189770215466325e-08,0.9975892443514022,-0.0009621931263106894,
fit,0.4,3.283150012563047e-08,0.9975613206671928,-0.0009733136255482121,
fit,0.4,3.379263481967431e-08,0.9975330742667993,-0.000984561792735995,
fit,0.4,3.478190651314134e-08,0.9975045014377395,-0.000995939713761121,
fit,0.4,3.58001389102858e-08,0.997475598424351,-0.001007448337000642,
fit,0.4,3.6848179829116765e-08,0.9974463614293407,-0.0010190894939280156,
fit,0.4,3.792690190732254e-08,0.9974167866104313,-0.001030864391626845,
fit,0.4,3.903720332886092e-08,0.9973868700831078,-0.0010427745781428199,
fit,0.4,4.0180008571820914e-08,0.997356607918125,-0.0010548218373824525,
fit,0.4,4.135626917817706e-08,0.9973259961416557,-0.0010670076707124786,
fit,0.4,4.256696454607867e-08,0.9972950307337823,-0.0010793336065893777,
fit,0.4,4.381310274533306e-08,0.9972637076303114,-0.0010918011449491533,
fit,0.4,4.5095721356761446e-08,0.9972320227189234,-0.0011044117960404207,
fit,0.4,4.641588833612773e-08,0.9971999718425986,-0.00111716770585037,
fit,0.4,4.7774702903357733e-08,0.9971675507947566,-0.0011300700111979024,
fit,0.4,4.917329645779016e-08,0.9971347553230213,-0.0011431204388993952,
fit,0.4,5.061283352022214e-08,0.9971015811259845,-0.001156321039906743,
fit,0.4,5.209451270253212e-08,0.9970680238528805,-0.0011696731223093983,
fit,0.4,5.3619567705688166e-08,0.9970340791029569,-0.00118317851373188,
fit,0.4,5.5189268346973744e-08,0.9969997424277915,-0.0011968390510751943,
fit,0.4,5.680492161728429e-08,0.9969650093262471,-0.001210656561914377,
fit,0.4,5.846787276937589e-08,0.9969298752468368,-0.0012246325412018002,
fit,0.4,6.017950643797328e-08,0.9968943355862653,-0.0012387691223420642,
fit,0.4,6.19412477926676e-08,0.9968583856891883,-0.001253067763526742,
fit,0.4,6.375456372456507e-08,0.996822020847104,-0.0012675304265445195,
fit,0.4,6.562096406767554e-08,0.9967852362980677,-0.0012821593109693837,
fit,0.4,6.754200285605593e-08,0.9967480272274697,-0.0012969559420995657,
fit,0.4,6.951927961775605e-08,0.9967103887645589,-0.0013119222982045618,
fit,0.4,7.155444070664575e-08,0.9966723159829071,-0.0013270603738371016,
fit,0.4,7.364918067322973e-08,0.996633803901999,-0.0013423720122141374,
fit,0.4,7.580524367559261e-08,0.9965948474841341,-0.0013578591477386853,
fit,0.4,7.802442493165044e-08,0.9965554416344412,-0.0013735240570096983,
fit,0.4,8.030857221391521e-08,0.9965155812005632,-0.0013893683029250117,
fit,0.4,8.265958738801813e-08,0.9964752609710139,-0.001405394329356803,
fit,0.4,8.507942799627444e-08,0.9964344756769785,-0.0014216039317579594,
fit,0.4,8.757010888760517e-08,0.9963932199882214,-0.0014379993166595603,
fit,0.4,9.013370389517438e-08,0.9963514885159629,-0.0014545824378567572,
fit,0.4,9.27723475631406e-08,0.9963092758083297,-0.001471355682822596,
fit,0.4,9.548823692395676e-08,0.9962665763555029,-0.0014883209819634442,
fit,0.4,9.82836333277003e-08,0.996223384579818,-0.0015054804385844084,
fit,0.4,1.0116086432495807e-07,0.9961796948459014,-0.0015228365452597502,
fit,0.4,1.0412232560483065e-07,0.9961355014530628,-0.0015403911947961622,
fit,0.4,1.0717048298967093e-07,0.9960907986346174,-0.0015581469011828677,
fit,0.4,1.1030787448822151e-07,0.996045580560935,-0.001576105717888205,
fit,0.4,1.1353711240885178e-07,0.9959998413350734,-0.0015942699752951022,
fit,0.4,1.1686088553466497e-07,0.9959535749947529,-0.001612642041829808,
fit,0.4,1.2028196136227775e-07,0.9959067755106027,-0.0016312244657257727,
fit,0.4,1.2380318840613968e-07,0.9958594367836021,-0.0016500192002351591,
fit,0.4,1.274274985703132e-07,0.9958115526473712,-0.0016690289202555449,
fit,0.4,1.3115790958968502e-07,0.9957631168664296,-0.0016882560689188836,
fit,0.4,1.3499752754264296e-07,0.9957141231342369,-0.001707702915323718,
fit,0.4,1.389495494373136e-07,0.9956645650737045,-0.0017273720149566189,
fit,0.4,1.4301726587350879e-07,0.9956144362364796,-0.001747265882546976,
fit,0.4,1.4720406378260015e-07,0.9955637300998701,-0.001767386863082969,
fit,0.4,1.5151342924760513e-07,0.9955124400698588,-0.0017877378381115847,
fit,0.4,1.5594895040582833e-07,0.9954605594779681,-0.0018083213620339114,
fit,0.4,1.6051432043647616e-07,0.9954080815799647,-0.0018291396456249429,
fit,0.4,1.6521334063573685e-07,0.9953549995555176,-0.0018501956721767975,
fit,0.4,1.700499235818794e-07,0.9953013065101981,-0.001871492230076762,
fit,0.4,1.750280963930101e-07,0.9952469954696591,-0.0018930315207241234,
fit,0.4,1.8015200408020237e-07,0.9951920593832444,-0.0019148166845698034,
fit,0.4,1.8542591299878542e-07,0.995136491118973,-0.0019368501920821665,
fit,0.4,1.908542144006686e-07,0.9950802834671171,-0.0019591353175310022,
fit,0.4,1.9644142809066267e-07,0.9950234291373219,-0.001981674123365019,
fit,0.4,2.0219220618983556e-07,0.994965920754891,-0.002004470322515422,
fit,0.4,2.081113370090395e-07,0.9949077508651829,-0.0020275261286686608,
fit,0.4,2.142037490358383e-07,0.9948489119293186,-0.002050844653064071,
fit,0.4,2.2047451503814767e-07,0.9947893963242418,-0.0020744288937476034,
fit,0.4,2.269288562880081e-07,0.994729196341868,-0.0020982817080394504,
fit,0.4,2.3357214690901212e-07,0.994668304186769,-0.0021224059897720984,
fit,0.4,2.404099183509974e-07,0.9946067119778048,-0.0021468052616097043,
fit,0.4,2.4744786399573476e-07,0.9945444117463097,-0.0021714822101435854,
fit,0.4,2.54691843897454e-07,0.9944813954329925,-0.0021964398133376105,
fit,0.4,2.6214788966213584e-07,0.9944176548896705,-0.0022216813749192793,
fit,0.4,2.6982220946965334e-07,0.9943531818778583,-0.002247210355527808,
fit,0.4,2.777211932429355e-07,0.9942879680653288,-0.0022730294561630476,
fit,0.4,2.8585141796844717e-07,0.9942220050301067,-0.002299142063252005,
fit,0.4,2.942196531724371e-07,0.9941552842535897,-0.0023255515142731505,
fit,0.4,3.0283286655749457e-07,0.9940877971238576,-0.002352261273467625,
fit,0.4,3.1169822980411437e-07,0.9940195349320415,-0.002379274393948822,
fit,0.4,3.208231245421074e-07,0.9939504888748069,-0.002406594153588612,
fit,0.4,3.3021514849681757e-07,0.9938806500486566,-0.002434224310911122,
fit,0.4,3.3988212181526674e-07,0.9938100094530791,-0.0024621680473717045,
fit,0.4,3.498320935775032e-07,0.9937385579855764,-0.00249042913496534,
fit,0.4,3.60073348498562e-07,0.9936662864443774,-0.0025190108753472967,
fit,0.4,3.706144138266228e-07,0.9935931855253024,-0.0025479167620190667,
fit,0.4,3.814640664431174e-07,0.9935192458204799,-0.002577150454769705,
fit,0.4,3.9263134017068395e-07,0.9934444578187387,-0.002606715666283184,
fit,0.4,4.0412553329506e-07,0.9933688119032619,-0.0026366159529741667,
fit,0.4,4.159562163071843e-07,0.993292298350401,-0.0026668551892741962,
fit,0.4,4.281332398719396e-07,0.9932149073295514,-0.0026974370079319195,
fit,0.4,4.4066674303017865e-07,0.99313662890152,-0.0027283649852962756,
fit,0.4,4.5356716164087024e-07,0.993057453017656,-0.002759643205902402,
fit,0.4,4.6684523707037945e-07,0.9929773695169732,-0.0027912757601080765,
fit,0.4,4.805120251361242e-07,0.9928963681268623,-0.0028232660399653206,
fit,0.4,4.94578905312064e-07,0.9928144384639402,-0.0028556181779711212,
fit,0.4,5.090575902036687e-07,0.9927315700264149,-0.0028883362630025416,
fit,0.4,5.239601353002645e-07,0.9926477522003335,-0.002921424287026908,
fit,0.4,5.39298949012887e-07,0.992562974252078,-0.002954886175546168,
fit,0.4,5.550868030059811e-07,0.9924772253327365,-0.0029887261877211725,
fit,0.4,5.713368428315579e-07,0.992390494471873,-0.0030229485668247166,
fit,0.4,5.880625988746756e-07,0.9923027705803488,-0.0030575571494909567,
fit,0.4,6.052779976193355e-07,0.992214042446134,-0.003092556691471529,
fit,0.4,6.229973732441834e-07,0.9921242987341804,-0.0031279510415398414,
fit,0.4,6.412354795576917e-07,0.9920335279857827,-0.0031637449170083473,
fit,0.4,6.600075022827102e-07,0.9919417186165512,-0.0031999421691669555,
fit,0.4,6.793290717006688e-07,0.9918488589146751,-0.0032365478121773664,
fit,0.4,6.992162756659375e-07,0.991754937041509,-0.0032735657050271504,
fit,0.4,7.196856730011514e-07,0.9916599410279053,-0.003311000988048967,
fit,0.4,7.407543072847155e-07,0.9915638587744379,-0.003348857474340234,
fit,0.4,7.624397210419138e-07,0.9914666780487534,-0.003387140386143829,
fit,0.4,7.847599703514607e-07,0.9913683864855596,-0.003425854273153617,
fit,0.4,8.077336398796703e-07,0.991268971587243,-0.003465003430156245,
fit,0.4,8.313798583547334e-07,0.9911684207138096,-0.0035045931258753625,
fit,0.4,8.557183144940002e-07,0.9910667210944467,-0.0035446278640174217,
fit,0.4,8.807692733975452e-07,0.9909638598152221,-0.003585112416517884,
fit,0.4,9.065535934216359e-07,0.9908598238239795,-0.003626052033004961,
fit,0.4,9.330927435461664e-07,0.9907545999248922,-0.0036674511740091703,
fit,0.4,9.60408821250537e-07,0.9906481747815601,-0.0037093151513804545,
fit,0.4,9.88524570912828e-07,0.9905405349095933,-0.003751648867073805,
fit,0.4,1.0174634027476063e-06,0.9904316666809908,-0.0037944576873155736,
fit,0.4,1.0472494122981475e-06,0.9903215563195561,-0.003837746345849803,
fit,0.4,1.0779074004992737e-06,0.9902101898999529,-0.0038815202218307476,
fit,0.4,1.1094628943275218e-06,0.9900975533457063,-0.003925784522154682,
fit,0.4,1.1419421680558647e-06,0.9899836324301846,-0.0039705444909230725,
fit,0.4,1.1753722651306367e-06,0.989868412770632,-0.004015805743446517,
fit,0.4,1.2097810206889012e-06,0.9897518798308912,-0.004061573272571291,
fit,0.4,1.2451970847350319e-06,0.9896340189178353,-0.004107852927346396,
fit,0.4,1.2816499459957596e-06,0.989514815179894,-0.004154649947481687,
fit,0.4,1.3191699564735718e-06,0.9893942536070875,-0.004201970121631135,
fit,0.4,1.3577883567189277e-06,0.9892723190255653,-0.004249818805066349,
fit,0.4,1.3975373018422926e-06,0.989148996100381,-0.004298201850932444,
fit,0.4,1.438449888287663e-06,0.9890242693331895,-0.004347125016056316,
fit,0.4,1.4805601813899102e-06,0.9888981230560795,-0.004396593846619175,
fit,0.4,1.5239032437388304e-06,0.9887705414357372,-0.004446614410853228,
fit,0.4,1.5685151643735445e-06,0.98864150847066,-0.004497192437114141,
fit,0.4,1.614433088831602e-06,0.9885110079852598,-0.004548334096515366,
fit,0.4,1.6616952500776905e-06,0.9883790236337008,-0.004600045532438771,
fit,0.4,1.7103410003378378e-06,0.9882455388943248,-0.004652332173233617,
fit,0.4,1.7604108438655526e-06,0.9881105370705884,-0.0047052006135751,
fit,0.4,1.8119464706671223e-06,0.9879740012870144,-0.004758656981450553,
fit,0.4,1.8649907912142943e-06,0.9878359144901255,-0.0048127077481772,
fit,0.4,1.919587972173111e-06,0.9876962594423535,-0.004867358851030193,
fit,0.4,1.9757834731786993e-06,0.9875550187276815,-0.004922616905261301,
fit,0.4,2.03362408468667e-06,0.9874121747412717,-0.004978488054153851,
fit,0.4,2.093157966932574e-06,0.9872677096945006,-0.0050349793161432455,
fit,0.4,2.1544346900318822e-06,0.9871216056086857,-0.005092096634524153,
fit,0.4,2.2175052752539296e-06,0.9869738443169694,-0.0051498469494742,
fit,0.4,2.2824222375040977e-06,0.9868244074584537,-0.005208236818019171,
fit,0.4,2.349239629049658e-06,0.9866732764808352,-0.005267273104248835,
fit,0.4,2.418013084525718e-06,0.9865204326348023,-0.005326962723866575,
fit,0.4,2.488799867258667e-06,0.9863658569745647,-0.005387312305346781,
fit,0.4,2.5616589169457267e-06,0.9862095303545617,-0.005448328976371333,
fit,0.4,2.6366508987303555e-06,0.9860514334287886,-0.00551001938135301,
fit,0.4,2.71383825371428e-06,0.9858915466482786,-0.0055723910619635275,
fit,0.4,2.793285250948253e-06,0.985729850258657,-0.005635450686547937,
fit,0.4,2.875058040944877e-06,0.9855663243006779,-0.005699205854408945,
fit,0.4,2.9592247107579573e-06,0.9854009486038953,-0.005763663620299342,
fit,0.4,3.045855340674284e-06,0.985233702788053,-0.005828831246064023,
fit,0.4,3.1350220625651123e-06,0.9850645662628201,-0.005894716389972375,
fit,0.4,3.226799119945812e-06,0.984893518220573,-0.005961326222683819,
fit,0.4,3.321262929793748e-06,0.9847205376383267,-0.006028668568852112,
fit,0.4,3.418492146175927e-06,0.9845456032757726,-0.006096750737001985,
fit,0.4,3.5185677257392664e-06,0.9843686936696763,-0.006165580668238371,
fit,0.4,3.621572995118075e-06,0.9841897871370655,-0.006235165837864633,
fit,0.4,3.727593720314938e-06,0.9840088617698116,-0.006305514260556679,
fit,0.4,3.836718178112649e-06,0.9838258954330487,-0.006376633612692813,
fit,0.4,3.949037229576694e-06,0.983640865764225,-0.006448532100152567,
fit,0.4,4.0646443957096275e-06,0.98345375016881,-0.006521217659353873,
fit,0.4,4.183635935320023e-06,0.9832645258214677,-0.006594698291056404,
fit,0.4,4.306110925171165e-06,0.9830731696614198,-0.006668982234842649,
fit,0.4,4.432171342476085e-06,0.9828796583918825,-0.006744077628745772,
fit,0.4,4.561922149807459e-06,0.9826839684759472,-0.006819992965232009,
fit,0.4,4.695471382493421e-06,0.9824860761379153,-0.006896736415444089,
fit,0.4,4.832930238571752e-06,0.9822859573564434,-0.006974316548872803,
fit,0.4,4.974413171377452e-06,0.9820835878681772,-0.007052741964910361,
fit,0.4,5.120037984840882e-06,0.9818789431599283,-0.007132021332376205,
fit,0.4,5.269925931575657e-06,0.9816719984702281,-0.00721216299906232,
fit,0.4,5.424201813838024e-06,0.9814627287861487,-0.007293176124159702,
fit,0.4,5.582994087441914e-06,0.9812511088408925,-0.007375069115560115,
fit,0.4,5.746434968715974e-06,0.9810371131116327,-0.007457851218905076,
fit,0.4,5.914660544591746e-06,0.9808207158174792,-0.0075415313077881185,
fit,0.4,6.087810885914756e-06,0.980601890917781,-0.007626118364751758,
fit,0.4,6.266030164072656e-06,0.9803806121078301,-0.007711621630947976,
fit,0.4,6.449466771037621e-06,0.9801568528201612,-0.007798050261619852,
fit,0.4,6.638273442923075e-06,0.9799305862187637,-0.007885413610618772,
fit,0.4,6.832607387157405e-06,0.9797017851996136,-0.00797372087039537,
fit,0.4,7.032630413380643e-06,0.979470422386297,-0.008062981748244574,
fit,0.4,7.2385090681732476e-06,0.9792364701302875,-0.0081532056911785,
fit,0.4,7.450414773728917e-06,0.9789999005041249,-0.008244402166044107,
fit,0.4,7.66852397058701e-06,0.9787606853042451,-0.008336580977196306,
fit,0.4,7.893018264543566e-06,0.9785187960469454,-0.008429751793443352,
fit,0.4,8.124084577862973e-06,0.9782742039632355,-0.00852392464552787,
fit,0.4,8.361915304916318e-06,0.9780268800022384,-0.00861910941112827,
fit,0.4,8.606708472376158e-06,0.9777767948221522,-0.008715315670432683,
fit,0.4,8.858667904100832e-06,0.977523918795049,-0.008812554192951239,
fit,0.4,9.11800339084568e-06,0.9772682219974692,-0.008910834520580543,
fit,0.4,9.384930864942721e-06,0.9770096742128667,-0.009010167393026167,
fit,0.4,9.659672580093843e-06,0.9767482449284565,-0.009110562984619403,
fit,0.4,9.942457296427399e-06,0.9764839033316477,-0.009212031298321446,
fit,0.4,1.0233520470972576e-05,0.9762166183071684,-0.009314583657469497,
fit,0.4,1.053310445370936e-05,0.9759463584383331,-0.009418229916945506,
fit,0.4,1.084145868935835e-05,0.9756730920000288,-0.009522980878282544,
fit,0.4,1.1158839925077481e-05,0.9753967869591476,-0.009628847658661704,
fit,0.4,1.1485512424239369e-05,0.9751174109724206,-0.009735840638767118,
fit,0.4,1.1821748186466723e-05,0.9748349313814281,-0.009843970852685582,
fit,0.4,1.216782717410923e-05,0.9745493152129475,-0.009953249189731284,
fit,0.4,1.2524037545350718e-05,0.974260529174576,-0.010063686854818843,
fit,0.4,1.2890675894140244e-05,0.9739685396556007,-0.010175295419826244,
fit,0.4,1.3268047497147244e-05,0.9736733127183245,-0.010288085168971117,
fit,0.4,1.3656466567946097e-05,0.9733748141026787,-0.010402068367603115,
fit,0.4,1.4056256518642135e-05,0.973073009219989,-0.01051725573070833,
fit,0.4,1.446775022915648e-05,0.9727678631489421,-0.010633659176602847,
fit,0.4,1.4891290324394086e-05,0.972459340638388,-0.010751290195947255,
fit,0.4,1.5327229459526118e-05,0.9721474061007301,-0.010870160450969085,
fit,0.4,1.5775930613623614e-05,0.9718320236098087,-0.010990281543400482,
fit,0.4,1.623776739188721e-05,0.9715131568999782,-0.011111665503223178,
fit,0.4,1.671312433672486e-05,0.9711907693630586,-0.011234323973615748,
fit,0.4,1.720239724793599e-05,0.9708648240457606,-0.011358269267101331,
fit,0.4,1.770599351226898e-05,0.9705352836471631,-0.011483513432510611,
fit,0.4,1.8224332442626647e-05,0.9702021105152635,-0.011610068411105692,
fit,0.4,1.875784562720161e-05,0.969865266646667,-0.011737946687469025,
fit,0.4,1.9306977288832496e-05,0.9695247136837409,-0.01186716058369379,
fit,0.4,1.9872184654880534e-05,0.9691804129091333,-0.011997722332117836,
fit,0.4,2.0453938337933903e-05,0.9688323252470967,-0.012129644678449306,
fit,0.4,2.105272272765707e-05,0.9684804112597961,-0.012262939914581966,
fit,0.4,2.166903639411181e-05,0.968124631143036,-0.012397621148944604,
fit,0.4,2.230339250288494e-05,0.9677649447269326,-0.012533700993127686,
fit,0.4,2.2956319242369097e-05,0.9674013114705007,-0.012671192327939257,
fit,0.4,2.3628360263551753e-05,0.9670336904612089,-0.012810108024662495,
fit,0.4,2.432007513267945e-05,0.9666620404111272,-0.012950460914861364,
fit,0.4,2.5032039797173254e-05,0.9662863196550688,-0.013092264533880765,
fit,0.4,2.5764847065183745e-05,0.9659064861489396,-0.013235532064855879,
fit,0.4,2.651910709918535e-05,0.9655224974651683,-0.013380276350548614,
fit,0.4,2.729544792402007e-05,0.9651343107932489,-0.013526510956602206,
fit,0.4,2.809451594981406e-05,0.9647418829335358,-0.013674249563284308,
fit,0.4,2.8916976510202966e-05,0.9643451702980043,-0.013823505812816828,
fit,0.4,2.9763514416313192e-05,0.9639441289058114,-0.013974292691257217,
fit,0.4,3.063483452696084e-05,0.9635387143821038,-0.014126624768875287,
fit,0.4,3.1531662335543616e-05,0.9631288819537808,-0.014280515099774543,
fit,0.4,3.245474457411325e-05,0.9627145864500862,-0.014435977935761735,
fit,0.4,3.340484983513244e-05,0.9622957822972754,-0.014593027362114264,
fit,0.4,3.438276921143307e-05,0.9618724235165187,-0.01475167698542948,
fit,0.4,3.5389316954909844e-05,0.9614444637229097,-0.014911941370007481,
fit,0.4,3.642533115449638e-05,0.9610118561226605,-0.015073834656390228,
fit,0.4,3.749167443398886e-05,0.9605745535083198,-0.01523737107600473,
fit,0.4,3.8589234670298994e-05,0.9601325082596803,-0.015402565258436918,
fit,0.4,3.971892573273302e-05,0.9596856723398434,-0.015569431109696968,
fit,0.4,4.0881688243912894e-05,0.9592339972921703,-0.015737983878031964,
fit,0.4,4.207849036297398e-05,0.9587774342385194,-0.01590823804435243,
fit,0.4,4.331032859169001e-05,0.958315933876345,-0.01608020814789307,
fit,0.4,4.457822860419707e-05,0.9578494464773634,-0.016253908942134576,
fit,0.4,4.58832461010084e-05,0.9573779218839142,-0.016429355732415496,
fit,0.4,4.7226467688029544e-05,0.9569013095082445,-0.01660656301701466,
fit,0.4,4.8609011781306306e-05,0.9564195583268397,-0.01678554618051481,
fit,0.4,5.003202953825999e-05,0.9559326168809825,-0.016966320524897882,
fit,0.4,5.149670581618343e-05,0.9554404332732253,-0.017148900896311714,
fit,0.4,5.300426015879673e-05,0.9549429551666124,-0.017333302797715805,
fit,0.4,5.4555947811685143e-05,0.9544401297774051,-0.01751954156587565,
fit,0.4,5.6153060767462665e-05,0.9539319038800237,-0.017707633026159186,
fit,0.4,5.7796928841533134e-05,0.953418223798168,-0.017897592121082745,
fit,0.4,5.948892077934331e-05,0.952899035405632,-0.01808943515498565,
fit,0.4,6.123044539605177e-05,0.9523742841230719,-0.01828317770395288,
fit,0.4,6.302295274956024e-05,0.9518439149168788,-0.018478835398344412,
fit,0.4,6.486793534788508e-05,0.9513078722943815,-0.018676424109366957,
fit,0.4,6.676692939187557e-05,0.9507661003029435,-0.018875959941914683,
fit,0.4,6.872151605431122e-05,0.9502185425285669,-0.01907745916332179,
fit,0.4,7.073332279644439e-05,0.9496651420913848,-0.019280937533080467,
fit,0.4,7.280402472308562e-05,0.9491058416434294,-0.019486411583348878,
fit,0.4,7.493534597735756e-05,0.9485405833694296,-0.019693897586985643,
fit,0.4,7.712906117627993e-05,0.9479693089809255,-0.019903411787443787,
fit,0.4,7.938699688838223e-05,0.9473919597144992,-0.02011497062643347,
fit,0.4,8.171103315457187e-05,0.9468084763312911,-0.02032859094643455,
fit,0.4,8.410310505352605e-05,0.9462187991116435,-0.020544289208106775,
fit,0.4,8.656520431290936e-05,0.9456228678562312,-0.02076208224835127,
fit,0.4,8.909938096776098e-05,0.9450206218804041,-0.02098198668242096,
fit,0.4,9.170774506742931e-05,0.9444120000150734,-0.021204019749611475,
fit,0.4,9.439246843247663e-05,0.9437969406001944,-0.021428198040801816,
fit,0.4,9.715578646301848e-05,0.9431753814872051,-0.021654538741353868,
fit,0.4,0.0001,0.942547260031794,-0.021883059154712975,
